company,nse_symbol,isin,tier,primary_panel,fiscal_period,period_end,fy_end_month,capex_cr,purchase_fixed_assets_cr,capital_expenditure_cr,cwip_cr,asset_sales_cr,net_capex_cr,depreciation_cr,cfo_cr,net_investing_cr
Amara Raja Energy & Mobility Limited,ARE&M,INE885A01032,battery_cell,yes,Q4 FY23,2023-03-31,3,510.77,510.77,0.0,0.0,1.16,509.61,450.4,1201.02,-772.92
Amara Raja Energy & Mobility Limited,ARE&M,INE885A01032,battery_cell,yes,Q4 FY24,2024-03-31,3,871.45,871.45,0.0,0.0,2.62,868.83,484.33,1604.29,-1020.12
Amara Raja Energy & Mobility Limited,ARE&M,INE885A01032,battery_cell,yes,Q4 FY25,2025-03-31,3,1200.13,1200.13,0.0,0.0,8.04,1192.09,525.66,1682.06,-1131.63
Amara Raja Energy & Mobility Limited,ARE&M,INE885A01032,battery_cell,yes,Q4 FY26,2026-03-31,3,1341.06,1341.06,0.0,0.0,2.66,1338.4,607.18,1424.38,-924.2
Ashok Leyland Limited,ASHOKLEY,INE208A01029,oem_ice_led,yes,Q4 FY23,2023-03-31,3,929.1,929.1,0.0,0.0,75.38,853.72,900.22,-3937.96,-2934.96
Ashok Leyland Limited,ASHOKLEY,INE208A01029,oem_ice_led,yes,Q4 FY24,2024-03-31,3,1133.54,1133.54,0.0,0.0,45.93,1087.61,927.29,-5391.88,1135.38
Ashok Leyland Limited,ASHOKLEY,INE208A01029,oem_ice_led,yes,Q4 FY25,2025-03-31,3,1648.08,1648.08,0.0,0.0,49.1,1598.98,1086.65,1278.73,-5758.27
Ashok Leyland Limited,ASHOKLEY,INE208A01029,oem_ice_led,yes,Q4 FY26,2026-03-31,3,2945.48,2945.48,0.0,0.0,128.56,2816.92,1137.56,-3471.6,-7015.79
Autoline Industries Limited,AUTOIND,INE718H01014,ev_component,yes,Q4 FY23,2023-03-31,3,11.7079,11.7079,0.0,0.0,19.6513,-7.9434,17.6347,75.0973,2.263
Autoline Industries Limited,AUTOIND,INE718H01014,ev_component,yes,Q4 FY24,2024-03-31,3,90.6982,90.6982,0.0,0.0,0.0,90.6982,13.8329,10.364,-51.1634
Autoline Industries Limited,AUTOIND,INE718H01014,ev_component,yes,Q4 FY25,2025-03-31,3,151.0607,151.0607,0.0,0.0,0.0127,151.048,17.8023,67.0263,-114.676
Bajaj Auto Limited,BAJAJ-AUTO,INE917I01010,oem_ev_led,yes,Q4 FY23,2023-03-31,3,1110.2,1074.47,35.73,0.0,136.9,973.3,285.85,7195.94,1199.52
Bajaj Auto Limited,BAJAJ-AUTO,INE917I01010,oem_ev_led,yes,Q4 FY24,2024-03-31,3,722.84,706.45,16.39,0.0,12.15,710.69,364.77,8945.05,-343.73
Bajaj Auto Limited,BAJAJ-AUTO,INE917I01010,oem_ev_led,yes,Q4 FY25,2025-03-31,3,873.84,813.54,60.3,0.0,6.38,867.46,414.23,1344.47,-1056.27
Bajaj Auto Limited,BAJAJ-AUTO,INE917I01010,oem_ev_led,yes,Q4 FY26,2026-03-31,3,722.32,560.39,161.93,0.0,10.24,712.08,644.69,6026.14,-7033.88
Belrise Industries Limited,BELRISE,INE894V01022,ev_component,yes,Q4 FY23,2023-03-31,3,165.921,0.0,165.921,0.0,0.0,165.921,306.738,849.901,-194.264
Belrise Industries Limited,BELRISE,INE894V01022,ev_component,yes,Q4 FY24,2024-03-31,3,437.218,0.0,437.218,0.0,0.0,437.218,321.394,661.848,-361.642
Belrise Industries Limited,BELRISE,INE894V01022,ev_component,yes,Q4 FY25,2025-03-31,3,738.215,0.0,738.215,0.0,0.0,738.215,329.756,802.384,-981.141
Belrise Industries Limited,BELRISE,INE894V01022,ev_component,yes,Q4 FY26,2026-03-31,3,565.009,0.0,565.009,0.0,0.0,565.009,360.95,1036.201,-474.789
Bharat Forge Limited,BHARATFORG,INE465A01025,ev_component,yes,Q4 FY23,2023-03-31,3,996.182,996.182,0.0,0.0,26.318,969.864,735.586,1711.699,-1671.333
Bharat Forge Limited,BHARATFORG,INE465A01025,ev_component,yes,Q4 FY24,2024-03-31,3,1524.026,1524.026,0.0,0.0,23.701,1500.325,848.196,2182.91,-666.748
Bharat Forge Limited,BHARATFORG,INE465A01025,ev_component,yes,Q4 FY25,2025-03-31,3,1450.459,1450.459,0.0,0.0,6.54,1443.919,873.619,2401.35,-1964.333
Bharat Forge Limited,BHARATFORG,INE465A01025,ev_component,yes,Q4 FY26,2026-03-31,3,1140.496,1140.496,0.0,0.0,27.432,1113.064,970.924,2051.267,-1033.03
Cie Automotive India Limited,CIEINDIA,INE536H01010,ev_component,yes,Q3 FY23,2022-12-31,12,501.411,501.411,0.0,0.0,58.049,443.362,353.734,1316.34,-639.834
Cie Automotive India Limited,CIEINDIA,INE536H01010,ev_component,yes,Q3 FY24,2023-12-31,12,530.317,530.317,0.0,0.0,18.155,512.162,322.196,1741.19,-909.568
Cie Automotive India Limited,CIEINDIA,INE536H01010,ev_component,yes,Q3 FY25,2024-12-31,12,386.656,386.656,0.0,0.0,5.993,380.663,330.645,1143.021,-238.384
Cie Automotive India Limited,CIEINDIA,INE536H01010,ev_component,yes,Q3 FY26,2025-12-31,12,377.41,377.41,0.0,0.0,4.673,372.737,358.084,1520.484,-784.736
Dhoot Transmission Limited,DHOOTTRANS,INE01NH01023,ev_component,yes,Q4 FY24,2024-03-31,3,287.873,287.873,0.0,0.0,15.539,272.334,76.385,329.993,-310.858
Dhoot Transmission Limited,DHOOTTRANS,INE01NH01023,ev_component,yes,Q4 FY25,2025-03-31,3,406.879,406.879,0.0,0.0,21.989,384.89,93.277,435.123,-442.84
Dhoot Transmission Limited,DHOOTTRANS,INE01NH01023,ev_component,yes,Q4 FY26,2026-03-31,3,349.967,349.967,0.0,0.0,21.783,328.184,122.544,476.51,-1261.693
Eicher Motors Limited,EICHERMOT,INE066A01021,oem_ice_led,yes,Q4 FY23,2023-03-31,3,682.49,682.49,0.0,0.0,8.78,673.71,526.21,3592.93,-2416.45
Eicher Motors Limited,EICHERMOT,INE066A01021,oem_ice_led,yes,Q4 FY24,2024-03-31,3,818.51,818.51,0.0,0.0,4.15,814.36,597.6,4791.54,-2851.97
Eicher Motors Limited,EICHERMOT,INE066A01021,oem_ice_led,yes,Q4 FY25,2025-03-31,3,1039.33,1039.33,0.0,0.0,10.86,1028.47,729.33,5060.1,-2483.34
Endurance Technologies Limited,ENDURANCE,INE913H01037,ev_component,yes,Q4 FY23,2023-03-31,3,636.258,636.258,0.0,0.0,14.677,621.581,421.58,1046.878,-914.688
Endurance Technologies Limited,ENDURANCE,INE913H01037,ev_component,yes,Q4 FY24,2024-03-31,3,834.828,834.828,0.0,0.0,14.714,820.114,473.993,1276.46,-945.225
Endurance Technologies Limited,ENDURANCE,INE913H01037,ev_component,yes,Q4 FY25,2025-03-31,3,1053.416,1053.416,0.0,0.0,47.119,1006.297,538.705,1748.516,-1012.696
Endurance Technologies Limited,ENDURANCE,INE913H01037,ev_component,yes,Q4 FY26,2026-03-31,3,1295.81,1295.81,0.0,0.0,40.19,1255.62,734.22,2151.63,-1816.23
Exicom Tele Systems Limited,EXICOM,INE777F01014,charging,yes,Q4 FY23,2023-03-31,3,16.448,16.448,0.0,0.0,0.0203,16.4277,19.0578,6.6206,7.6964
Exicom Tele Systems Limited,EXICOM,INE777F01014,charging,yes,Q4 FY24,2024-03-31,3,17.5124,17.5124,0.0,19.9637,0.333,17.1794,18.5504,33.4084,-285.5862
Exicom Tele Systems Limited,EXICOM,INE777F01014,charging,yes,Q4 FY25,2025-03-31,3,384.3308,384.3308,0.0,58.5157,0.0,384.3308,55.8947,-158.5176,-489.166
Exicom Tele Systems Limited,EXICOM,INE777F01014,charging,yes,Q4 FY26,2026-03-31,3,128.7669,128.7669,0.0,70.9235,0.0658,128.7011,116.3029,-82.1204,-154.8812
Exide Industries Limited,EXIDEIND,INE302A01020,battery_cell,yes,Q4 FY23,2023-03-31,3,993.3,993.3,0.0,0.0,8.24,985.06,501.91,1098.38,-798.82
Exide Industries Limited,EXIDEIND,INE302A01020,battery_cell,yes,Q4 FY24,2024-03-31,3,1876.05,1876.05,0.0,0.0,4.97,1871.08,560.42,1920.88,-1458.27
Exide Industries Limited,EXIDEIND,INE302A01020,battery_cell,yes,Q4 FY25,2025-03-31,3,1948.72,1948.72,0.0,0.0,23.33,1925.39,582.34,1650.57,-1933.92
Exide Industries Limited,EXIDEIND,INE302A01020,battery_cell,yes,Q4 FY26,2026-03-31,3,1152.63,1152.63,0.0,0.0,32.91,1119.72,588.75,2810.96,-1551.2
Gensol Engineering Limited,GENSOL,INE06H201014,out_of_scope,no,Q4 FY22,2022-03-31,3,50.94,50.94,0.0,0.0,0.0,50.94,1.31,-48.91,-60.0
Gensol Engineering Limited,GENSOL,INE06H201014,out_of_scope,no,Q4 FY23,2023-03-31,3,438.74,438.74,0.0,0.0,0.0,438.74,25.37,118.18,-705.65
Gensol Engineering Limited,GENSOL,INE06H201014,out_of_scope,no,Q4 FY24,2024-03-31,3,478.64,478.64,0.0,0.0,0.0,478.64,74.25,-94.65,-666.68
Gravita India Limited,GRAVITA,INE024L01027,upstream_material,no,Q4 FY23,2023-03-31,3,107.76,107.76,0.0,0.0,1.41,106.35,23.96,223.16,-105.35
Gravita India Limited,GRAVITA,INE024L01027,upstream_material,no,Q4 FY24,2024-03-31,3,98.18,98.18,0.0,0.0,0.14,98.04,37.99,91.98,-157.81
Gravita India Limited,GRAVITA,INE024L01027,upstream_material,no,Q4 FY25,2025-03-31,3,107.31,107.31,0.0,0.0,0.52,106.79,29.09,332.74,-863.63
Gravita India Limited,GRAVITA,INE024L01027,upstream_material,no,Q4 FY26,2026-03-31,3,215.69,215.69,0.0,0.0,0.54,215.15,38.83,233.46,-363.89
Gujarat Fluorochemicals Limited,FLUOROCHEM,INE09N301011,upstream_material,no,Q4 FY23,2023-03-31,3,674.969,674.969,0.0,0.0,4.9353,670.0337,236.0524,1208.8465,-476.3734
Gujarat Fluorochemicals Limited,FLUOROCHEM,INE09N301011,upstream_material,no,Q4 FY24,2024-03-31,3,955.6,955.6,0.0,0.0,14.57,941.03,286.11,821.28,-966.46
Gujarat Fluorochemicals Limited,FLUOROCHEM,INE09N301011,upstream_material,no,Q4 FY25,2025-03-31,3,819.47,819.47,0.0,0.0,1.95,817.52,354.68,732.68,-1120.54
Gujarat Fluorochemicals Limited,FLUOROCHEM,INE09N301011,upstream_material,no,Q4 FY26,2026-03-31,3,1206.32,1206.32,0.0,0.0,0.0,1206.32,366.84,1208.01,-1168.22
Hero Motocorp Limited,HEROMOTOCO,INE158A01026,oem_ev_led,yes,Q4 FY23,2023-03-31,3,604.25,0.0,604.25,0.0,42.88,561.37,697.39,3470.4,-421.33
Hero Motocorp Limited,HEROMOTOCO,INE158A01026,oem_ev_led,yes,Q4 FY24,2024-03-31,3,787.89,0.0,787.89,0.0,10.7,777.19,757.36,6252.24,-1827.87
Hero Motocorp Limited,HEROMOTOCO,INE158A01026,oem_ev_led,yes,Q4 FY25,2025-03-31,3,856.63,0.0,856.63,0.0,22.44,834.19,824.59,5862.54,-1703.36
Hero Motocorp Limited,HEROMOTOCO,INE158A01026,oem_ev_led,yes,Q4 FY26,2026-03-31,3,1100.1,0.0,1100.1,0.0,12.08,1088.02,854.99,9481.38,-4477.77
Himadri Speciality Chemical Limited,HSCL,INE019C01026,upstream_material,no,Q4 FY23,2023-03-31,3,82.5237,82.5237,0.0,0.0,6.8523,75.6714,50.8476,101.374,-396.6625
Himadri Speciality Chemical Limited,HSCL,INE019C01026,upstream_material,no,Q4 FY24,2024-03-31,3,52.3608,52.3608,0.0,0.0,0.1055,52.2553,49.8587,497.6117,-404.8649
Himadri Speciality Chemical Limited,HSCL,INE019C01026,upstream_material,no,Q4 FY25,2025-03-31,3,170.5968,170.5968,0.0,0.0,0.0945,170.5023,54.9652,591.1773,-235.2005
Himadri Speciality Chemical Limited,HSCL,INE019C01026,upstream_material,no,Q4 FY26,2026-03-31,3,449.7089,449.7089,0.0,0.0,4.9878,444.7211,68.1614,612.8726,-963.8145
Hindalco Industries Limited,HINDALCO,INE038A01020,upstream_material,no,Q4 FY23,2023-03-31,3,9737.0,9737.0,0.0,0.0,100.0,9637.0,7086.0,21988.0,-8016.0
Hindalco Industries Limited,HINDALCO,INE038A01020,upstream_material,no,Q4 FY24,2024-03-31,3,15728.0,15728.0,0.0,0.0,50.0,15678.0,7521.0,26731.0,-14276.0
Hindalco Industries Limited,HINDALCO,INE038A01020,upstream_material,no,Q4 FY25,2025-03-31,3,20649.0,20649.0,0.0,0.0,245.0,20404.0,7881.0,29877.0,-24739.0
Hindalco Industries Limited,HINDALCO,INE038A01020,upstream_material,no,Q4 FY26,2026-03-31,3,30096.0,30096.0,0.0,0.0,338.0,29758.0,8830.0,16726.0,-26583.0
Hindustan Zinc Limited,HINDZINC,INE267A01025,upstream_material,no,Q4 FY23,2023-03-31,3,3575.0,3575.0,0.0,0.0,0.0,3575.0,3264.0,18302.0,6529.0
Hindustan Zinc Limited,HINDZINC,INE267A01025,upstream_material,no,Q4 FY24,2024-03-31,3,3815.0,3815.0,0.0,0.0,0.0,3815.0,3468.0,15103.0,-3406.0
Hindustan Zinc Limited,HINDZINC,INE267A01025,upstream_material,no,Q4 FY25,2025-03-31,3,3999.0,3999.0,0.0,0.0,0.0,3999.0,3640.0,17545.0,-2706.0
Hindustan Zinc Limited,HINDZINC,INE267A01025,upstream_material,no,Q4 FY26,2026-03-31,3,5262.0,5262.0,0.0,0.0,0.0,5262.0,3790.0,21560.0,-8906.0
Hyundai Motor India Limited,HYUNDAI,INE0V6F01027,oem_ice_led,yes,Q4 FY23,2023-03-31,3,2260.982,2260.982,0.0,0.0,11.709,2249.273,2189.866,8697.036,-1411.624
Hyundai Motor India Limited,HYUNDAI,INE0V6F01027,oem_ice_led,yes,Q4 FY24,2024-03-31,3,3246.208,3246.208,0.0,0.0,14.412,3231.796,2207.931,11551.754,-10090.468
Hyundai Motor India Limited,HYUNDAI,INE0V6F01027,oem_ice_led,yes,Q4 FY25,2025-03-31,3,5306.839,5306.839,0.0,0.0,13.941,5292.898,2105.258,6312.201,-413.831
Hyundai Motor India Limited,HYUNDAI,INE0V6F01027,oem_ice_led,yes,Q4 FY26,2026-03-31,3,4266.393,4266.393,0.0,0.0,14.769,4251.624,2197.996,8832.168,-1941.269
Jbm Auto Limited,JBMA,INE927D01051,ev_component,yes,Q4 FY23,2023-03-31,3,626.7265,626.7265,0.0,0.0,9.0247,617.7018,130.3149,535.0293,-645.5957
Jbm Auto Limited,JBMA,INE927D01051,ev_component,yes,Q4 FY24,2024-03-31,3,227.6053,227.6053,0.0,0.0,3.3471,224.2582,171.4747,251.9277,-442.6749
Jbm Auto Limited,JBMA,INE927D01051,ev_component,yes,Q4 FY25,2025-03-31,3,122.1197,122.1197,0.0,0.0,8.7074,113.4123,174.7345,446.5349,-556.0795
Jbm Auto Limited,JBMA,INE927D01051,ev_component,yes,Q4 FY26,2026-03-31,3,302.0642,302.0642,0.0,0.0,3.8338,298.2304,173.8676,31.6776,-257.8431
Jupiter Wagons Limited,JWL,INE209L01016,ev_component,yes,Q4 FY23,2023-03-31,3,72.6883,72.6883,0.0,0.0,4.1517,68.5366,24.975,87.0041,-122.439
Jupiter Wagons Limited,JWL,INE209L01016,ev_component,yes,Q4 FY24,2024-03-31,3,124.8188,124.8188,0.0,0.0,0.6447,124.1741,28.1586,89.4612,-464.6222
Jupiter Wagons Limited,JWL,INE209L01016,ev_component,yes,Q4 FY25,2025-03-31,3,508.1461,508.1461,0.0,0.0,0.9644,507.1817,53.6393,218.8381,-627.5631
Jupiter Wagons Limited,JWL,INE209L01016,ev_component,yes,Q4 FY26,2026-03-31,3,534.5901,534.5901,0.0,0.0,0.9845,533.6056,67.0922,100.7727,-687.7746
Lumax Industries Limited,LUMAXIND,INE162B01018,ev_component,yes,Q4 FY23,2023-03-31,3,90.5662,90.5662,0.0,0.0,1.7626,88.8036,79.9152,132.1736,-90.0793
Lumax Industries Limited,LUMAXIND,INE162B01018,ev_component,yes,Q4 FY24,2024-03-31,3,262.0036,262.0036,0.0,0.0,4.8279,257.1757,92.8482,148.7219,-245.0149
Lumax Industries Limited,LUMAXIND,INE162B01018,ev_component,yes,Q4 FY25,2025-03-31,3,324.4484,324.4484,0.0,0.0,2.135,322.3134,113.2879,226.6771,-293.2565
Lumax Industries Limited,LUMAXIND,INE162B01018,ev_component,yes,Q4 FY26,2026-03-31,3,289.4308,289.4308,0.0,0.0,2.8772,286.5536,151.6651,419.3346,-265.0942
Mahindra & Mahindra Limited,M&M,INE101A01026,oem_ev_led,yes,Q4 FY23,2023-03-31,3,6304.57,6304.57,0.0,0.0,137.78,6166.79,4356.81,-4299.15,-8547.26
Mahindra & Mahindra Limited,M&M,INE101A01026,oem_ev_led,yes,Q4 FY24,2024-03-31,3,9945.99,9945.99,0.0,0.0,273.23,9672.76,4723.78,-1633.85,-5597.77
Mahindra & Mahindra Limited,M&M,INE101A01026,oem_ev_led,yes,Q4 FY25,2025-03-31,3,10391.95,10391.95,0.0,0.0,582.96,9808.99,6073.65,7936.5,-18626.11
Mahindra & Mahindra Limited,M&M,INE101A01026,oem_ev_led,yes,Q4 FY26,2026-03-31,3,9605.45,9605.45,0.0,0.0,493.43,9112.02,7322.02,17922.78,-17707.39
Maruti Suzuki India Limited,MARUTI,INE585B01010,oem_ice_led,yes,Q4 FY23,2023-03-31,3,6116.6,6116.6,0.0,0.0,99.6,6017.0,2825.7,11484.2,-8036.1
Maruti Suzuki India Limited,MARUTI,INE585B01010,oem_ice_led,yes,Q4 FY24,2024-03-31,3,8916.2,8916.2,0.0,0.0,44.6,8871.6,5255.8,20398.2,-11864.8
Maruti Suzuki India Limited,MARUTI,INE585B01010,oem_ice_led,yes,Q4 FY25,2025-03-31,3,10250.3,10250.3,0.0,0.0,37.5,10212.8,5608.2,19943.0,-14456.1
Maruti Suzuki India Limited,MARUTI,INE585B01010,oem_ice_led,yes,Q4 FY26,2026-03-31,3,10122.7,10122.7,0.0,0.0,52.0,10070.7,6741.7,23437.1,-14733.5
Minda Corporation Limited,MINDACORP,INE842C01021,ev_component,yes,Q4 FY23,2023-03-31,3,250.7,250.7,0.0,0.0,1.9,248.8,138.1,422.1,-428.1
Minda Corporation Limited,MINDACORP,INE842C01021,ev_component,yes,Q4 FY24,2024-03-31,3,252.0,252.0,0.0,0.0,1.0,251.0,165.8,389.0,116.7
Minda Corporation Limited,MINDACORP,INE842C01021,ev_component,yes,Q4 FY25,2025-03-31,3,350.1,350.1,0.0,0.0,8.0,342.1,204.3,638.5,-1408.7
Minda Corporation Limited,MINDACORP,INE842C01021,ev_component,yes,Q4 FY26,2026-03-31,3,394.2,394.2,0.0,0.0,29.8,364.4,229.5,795.6,-382.9
Neogen Chemicals Limited,NEOGEN,INE136S01016,upstream_material,no,Q4 FY23,2023-03-31,3,102.49,102.49,0.0,0.0,0.0,102.49,16.2,-18.83,-94.46
Neogen Chemicals Limited,NEOGEN,INE136S01016,upstream_material,no,Q4 FY24,2024-03-31,3,302.76,302.76,0.0,0.0,0.0,302.76,22.87,-19.4,-215.58
Neogen Chemicals Limited,NEOGEN,INE136S01016,upstream_material,no,Q4 FY25,2025-03-31,3,317.67,317.67,0.0,0.0,0.48,317.19,27.79,208.28,-316.59
Neogen Chemicals Limited,NEOGEN,INE136S01016,upstream_material,no,Q4 FY26,2026-03-31,3,555.71,555.71,0.0,0.0,140.0,415.71,27.52,-211.81,-410.26
Ola Electric Mobility Limited,OLAELEC,INE0LXG01040,oem_ev_pure,yes,Q4 FY23,2023-03-31,3,836.634,433.603,403.031,0.0,0.0,836.634,167.064,-1510.895,-318.55
Ola Electric Mobility Limited,OLAELEC,INE0LXG01040,oem_ev_pure,yes,Q4 FY24,2024-03-31,3,1199.689,925.285,274.404,0.0,1.65,1198.039,357.642,-624.927,-1136.276
Ola Electric Mobility Limited,OLAELEC,INE0LXG01040,oem_ev_pure,yes,Q4 FY25,2025-03-31,3,975.0,662.0,313.0,0.0,1.0,974.0,566.0,-2381.0,-2864.0
Ola Electric Mobility Limited,OLAELEC,INE0LXG01040,oem_ev_pure,yes,Q4 FY26,2026-03-31,3,717.0,526.0,191.0,0.0,1.0,716.0,684.0,-775.0,2002.0
Olectra Greentech Limited,OLECTRA,INE260D01016,oem_ev_pure,yes,Q4 FY23,2023-03-31,3,64.5071,64.5071,0.0,0.0,0.0,64.5071,33.1135,8.084,-37.8327
Olectra Greentech Limited,OLECTRA,INE260D01016,oem_ev_pure,yes,Q4 FY24,2024-03-31,3,79.036,79.036,0.0,0.0,0.0,79.036,36.6766,170.6313,-86.4872
Olectra Greentech Limited,OLECTRA,INE260D01016,oem_ev_pure,yes,Q4 FY25,2025-03-31,3,176.9793,176.9793,0.0,0.0,0.0,176.9793,37.2817,155.7408,-224.8259
Olectra Greentech Limited,OLECTRA,INE260D01016,oem_ev_pure,yes,Q4 FY26,2026-03-31,3,159.1014,159.1014,0.0,0.0,0.0,159.1014,44.7909,151.1884,-167.2255
Ppap Automotive Limited,PPAP,INE095I01015,ev_component,yes,Q4 FY23,2023-03-31,3,19.9005,19.9005,0.0,32.6319,0.2003,19.7002,31.1219,32.353,-57.7393
Ppap Automotive Limited,PPAP,INE095I01015,ev_component,yes,Q4 FY24,2024-03-31,3,21.6728,21.6728,0.0,5.7022,0.3818,21.291,34.1454,42.4144,-29.9959
Ppap Automotive Limited,PPAP,INE095I01015,ev_component,yes,Q4 FY25,2025-03-31,3,9.3447,9.3447,0.0,27.5273,0.6934,8.6513,34.448,53.8697,-35.3987
Ppap Automotive Limited,PPAP,INE095I01015,ev_component,yes,Q4 FY26,2026-03-31,3,2.8945,2.8945,0.0,47.3816,0.0435,2.851,35.5073,43.1347,-40.5488
Precision Camshafts Limited,PRECAM,INE484I01029,ev_component,yes,Q4 FY23,2023-03-31,3,62.0197,62.0197,0.0,0.0,0.0,62.0197,75.2303,129.0632,-35.7193
Precision Camshafts Limited,PRECAM,INE484I01029,ev_component,yes,Q4 FY24,2024-03-31,3,65.4775,65.4775,0.0,0.0,1.9575,63.52,81.5772,151.0908,-94.4004
Precision Camshafts Limited,PRECAM,INE484I01029,ev_component,yes,Q4 FY25,2025-03-31,3,54.0447,54.0447,0.0,0.0,1.4334,52.6113,57.353,163.7773,-122.9342
Precision Camshafts Limited,PRECAM,INE484I01029,ev_component,yes,Q4 FY26,2026-03-31,3,78.0161,78.0161,0.0,0.0,9.4639,68.5522,45.4526,146.6268,-78.149
Reliance Industries Limited,RELIANCE,INE002A01018,upstream_material,no,Q4 FY23,2023-03-31,3,140988.0,140988.0,0.0,0.0,9186.0,131802.0,40319.0,121329.0,-91235.0
Reliance Industries Limited,RELIANCE,INE002A01018,upstream_material,no,Q4 FY24,2024-03-31,3,152883.0,152883.0,0.0,0.0,15307.0,137576.0,50832.0,170749.0,-113581.0
Reliance Industries Limited,RELIANCE,INE002A01018,upstream_material,no,Q4 FY25,2025-03-31,3,139967.0,139967.0,0.0,0.0,2343.0,137624.0,53136.0,190628.0,-137535.0
Reliance Industries Limited,RELIANCE,INE002A01018,upstream_material,no,Q4 FY26,2026-03-31,3,245832.0,245832.0,0.0,0.0,1652.0,244180.0,115376.0,403442.0,-202178.0
Samvardhana Motherson International Limited,MOTHERSON,INE775A01035,ev_component,yes,Q4 FY23,2023-03-31,3,2221.1,2221.1,0.0,0.0,38.3,2182.8,3135.8,5496.5,-2244.8
Samvardhana Motherson International Limited,MOTHERSON,INE775A01035,ev_component,yes,Q4 FY24,2024-03-31,3,4125.4,4125.4,0.0,0.0,115.4,4010.0,3810.5,9004.3,-6661.7
Samvardhana Motherson International Limited,MOTHERSON,INE775A01035,ev_component,yes,Q4 FY25,2025-03-31,3,4561.0,4561.0,0.0,0.0,128.1,4432.9,4493.4,8106.0,-4861.6
Samvardhana Motherson International Limited,MOTHERSON,INE775A01035,ev_component,yes,Q4 FY26,2026-03-31,3,6053.6,6053.6,0.0,0.0,143.0,5910.6,5133.8,12974.7,-6123.6
Sansera Engineering Limited,SANSERA,INE953O01021,ev_component,yes,Q4 FY23,2023-03-31,3,242.023,242.023,0.0,0.0,0.712,241.311,130.08,312.0,-240.879
Sansera Engineering Limited,SANSERA,INE953O01021,ev_component,yes,Q4 FY24,2024-03-31,3,336.934,336.934,0.0,0.0,0.0,336.934,149.48,439.75,-368.343
Sansera Engineering Limited,SANSERA,INE953O01021,ev_component,yes,Q4 FY25,2025-03-31,3,590.564,590.564,0.0,0.0,0.0,590.564,173.808,441.604,-954.767
Sansera Engineering Limited,SANSERA,INE953O01021,ev_component,yes,Q4 FY26,2026-03-31,3,508.521,508.521,0.0,0.0,0.0,508.521,205.857,484.424,-441.434
Shakti Pumps (India) Limited,SHAKTIPUMP,INE908D01010,out_of_scope,no,Q4 FY23,2023-03-31,3,23.4403,23.4403,0.0,0.9476,4.5467,18.8936,18.4022,58.9591,-12.0248
Shakti Pumps (India) Limited,SHAKTIPUMP,INE908D01010,out_of_scope,no,Q4 FY24,2024-03-31,3,58.76,58.76,0.0,0.0,0.16,58.6,19.03,85.68,-61.45
Shakti Pumps (India) Limited,SHAKTIPUMP,INE908D01010,out_of_scope,no,Q4 FY25,2025-03-31,3,107.78,107.78,0.0,0.0,3.08,104.7,19.99,155.99,-197.96
Shakti Pumps (India) Limited,SHAKTIPUMP,INE908D01010,out_of_scope,no,Q4 FY26,2026-03-31,3,163.08,163.08,0.0,0.0,2.99,160.09,28.32,266.91,-286.43
Sona Blw Precision Forgings Limited,SONACOMS,INE073K01018,ev_component,yes,Q4 FY23,2023-03-31,3,335.241,335.241,0.0,0.0,0.156,335.085,178.004,643.536,-562.905
Sona Blw Precision Forgings Limited,SONACOMS,INE073K01018,ev_component,yes,Q4 FY24,2024-03-31,3,319.531,319.531,0.0,0.0,0.407,319.124,220.225,848.017,-471.521
Sona Blw Precision Forgings Limited,SONACOMS,INE073K01018,ev_component,yes,Q4 FY25,2025-03-31,3,417.132,417.132,0.0,0.0,1.625,415.507,254.396,949.161,-1765.383
Sona Blw Precision Forgings Limited,SONACOMS,INE073K01018,ev_component,yes,Q4 FY26,2026-03-31,3,491.838,491.838,0.0,0.0,12.746,479.092,287.737,846.548,-1571.219
Sterling Tools Limited,STERTOOLS,INE334A01023,ev_component,yes,Q4 FY23,2023-03-31,3,33.2058,33.2058,0.0,0.0,0.7072,32.4986,31.7159,78.6131,-53.3877
Sterling Tools Limited,STERTOOLS,INE334A01023,ev_component,yes,Q4 FY24,2024-03-31,3,29.1757,29.1757,0.0,0.0,0.8851,28.2906,33.051,121.991,-48.7387
Sterling Tools Limited,STERTOOLS,INE334A01023,ev_component,yes,Q4 FY25,2025-03-31,3,75.762,75.762,0.0,0.0,2.2243,73.5377,34.8179,143.8856,-124.7256
Sterling Tools Limited,STERTOOLS,INE334A01023,ev_component,yes,Q4 FY26,2026-03-31,3,54.6299,54.6299,0.0,0.0,3.5776,51.0523,39.8887,75.621,-4.9353
Subros Limited,SUBROS,INE287B01021,ev_component,yes,Q4 FY23,2023-03-31,3,110.4019,110.4019,0.0,0.0,0.6278,109.7741,110.2807,150.9202,-144.9622
Subros Limited,SUBROS,INE287B01021,ev_component,yes,Q4 FY24,2024-03-31,3,119.7185,119.7185,0.0,0.0,0.9014,118.8171,116.5071,191.7509,-91.9785
Subros Limited,SUBROS,INE287B01021,ev_component,yes,Q4 FY25,2025-03-31,3,117.9271,117.9271,0.0,0.0,1.5087,116.4184,128.1677,231.3685,-164.5541
Subros Limited,SUBROS,INE287B01021,ev_component,yes,Q4 FY26,2026-03-31,3,149.5706,149.5706,0.0,0.0,2.2734,147.2972,124.9286,178.3877,-136.856
Syrma Sgs Technology Limited,SYRMA,INE0DYJ01015,ev_component,yes,Q4 FY23,2023-03-31,3,118.396,111.002,7.394,0.0,0.187,118.209,31.199,-30.546,-885.717
Syrma Sgs Technology Limited,SYRMA,INE0DYJ01015,ev_component,yes,Q4 FY24,2024-03-31,3,337.675,324.898,12.777,0.0,0.704,336.971,51.485,-59.657,-28.18
Syrma Sgs Technology Limited,SYRMA,INE0DYJ01015,ev_component,yes,Q4 FY25,2025-03-31,3,236.539,236.539,0.0,0.0,72.57,163.969,75.069,237.118,-105.152
Syrma Sgs Technology Limited,SYRMA,INE0DYJ01015,ev_component,yes,Q4 FY26,2026-03-31,3,183.51,183.51,0.0,0.0,0.0,183.51,84.109,378.771,-741.96
Tata Motors Limited,TMCV,INE1TAE01010,oem_ev_led,yes,Q4 FY25,2025-03-31,3,830.0,830.0,0.0,0.0,121.0,709.0,1690.0,8567.0,-3884.0
Tata Motors Limited,TMCV,INE1TAE01010,oem_ev_led,yes,Q4 FY26,2026-03-31,3,1321.0,1321.0,0.0,0.0,145.0,1176.0,1945.0,15923.0,-3451.0
Tata Power Company Limited,TATAPOWER,INE245A01021,upstream_material,no,Q4 FY23,2023-03-31,3,7656.01,0.0,7656.01,0.0,50.29,7605.72,3439.2,8036.29,-7381.71
Tata Power Company Limited,TATAPOWER,INE245A01021,upstream_material,no,Q4 FY24,2024-03-31,3,13241.03,0.0,13241.03,0.0,146.2,13094.83,3786.37,13093.84,-8943.07
Tata Power Company Limited,TATAPOWER,INE245A01021,upstream_material,no,Q4 FY25,2025-03-31,3,17272.84,0.0,17272.84,0.0,235.2,17037.64,4116.86,13267.09,-15448.86
Tata Power Company Limited,TATAPOWER,INE245A01021,upstream_material,no,Q4 FY26,2026-03-31,3,0.0,0.0,0.0,0.0,0.0,0.0,4811.09,7157.39,-14193.38
Tube Investments Of India Limited,TIINDIA,INE974X01010,ev_component,yes,Q4 FY23,2023-03-31,3,416.01,0.0,416.01,0.0,13.64,402.37,395.93,1619.89,-871.26
Tube Investments Of India Limited,TIINDIA,INE974X01010,ev_component,yes,Q4 FY24,2024-03-31,3,851.39,0.0,851.39,0.0,28.56,822.83,465.49,959.11,-1657.82
Tube Investments Of India Limited,TIINDIA,INE974X01010,ev_component,yes,Q4 FY25,2025-03-31,3,1212.95,0.0,1212.95,0.0,6.32,1206.63,492.22,1680.65,-1615.31
Tube Investments Of India Limited,TIINDIA,INE974X01010,ev_component,yes,Q4 FY26,2026-03-31,3,1433.01,1433.01,0.0,0.0,6.34,1426.67,664.28,1935.54,-3953.02
Tvs Motor Company Limited,TVSMOTOR,INE494B01023,oem_ev_led,yes,Q4 FY23,2023-03-31,3,1340.77,1340.77,0.0,0.0,21.94,1318.83,858.86,-3796.94,-1307.76
Tvs Motor Company Limited,TVSMOTOR,INE494B01023,oem_ev_led,yes,Q4 FY24,2024-03-31,3,1145.17,1145.17,0.0,0.0,34.63,1110.54,975.12,-293.25,-1481.36
Tvs Motor Company Limited,TVSMOTOR,INE494B01023,oem_ev_led,yes,Q4 FY25,2025-03-31,3,2478.06,2478.06,0.0,0.0,19.0,2459.06,1045.56,4649.57,-2898.96
Tvs Motor Company Limited,TVSMOTOR,INE494B01023,oem_ev_led,yes,Q4 FY26,2026-03-31,3,3235.08,3235.08,0.0,0.0,88.89,3146.19,1272.64,3492.1,-2964.47
Uno Minda Limited,UNOMINDA,INE405E01023,ev_component,yes,Q4 FY23,2023-03-31,3,970.09,970.09,0.0,0.0,26.1,943.99,429.93,1009.15,-1185.72
Uno Minda Limited,UNOMINDA,INE405E01023,ev_component,yes,Q4 FY24,2024-03-31,3,1049.34,1049.34,0.0,0.0,16.45,1032.89,526.22,1254.57,-953.41
Uno Minda Limited,UNOMINDA,INE405E01023,ev_component,yes,Q4 FY25,2025-03-31,3,1655.71,1655.71,0.0,0.0,12.28,1643.43,614.93,1406.37,-1530.11
Uno Minda Limited,UNOMINDA,INE405E01023,ev_component,yes,Q4 FY26,2026-03-31,3,1572.36,1572.36,0.0,0.0,55.69,1516.67,703.56,2078.83,-1651.92
Varroc Engineering Limited,VARROC,INE665L01035,ev_component,yes,Q4 FY23,2023-03-31,3,530.582,530.582,0.0,0.0,27.66,502.922,336.741,778.241,-285.619
Varroc Engineering Limited,VARROC,INE665L01035,ev_component,yes,Q4 FY24,2024-03-31,3,257.434,257.434,0.0,0.0,55.785,201.649,336.818,694.186,-166.499
Varroc Engineering Limited,VARROC,INE665L01035,ev_component,yes,Q4 FY25,2025-03-31,3,278.799,278.799,0.0,0.0,16.774,262.025,323.321,727.588,-246.325
Varroc Engineering Limited,VARROC,INE665L01035,ev_component,yes,Q4 FY26,2026-03-31,3,397.492,397.492,0.0,0.0,18.642,378.85,331.711,562.53,-122.981
Vedanta Limited,VEDL,INE205A01025,upstream_material,no,Q4 FY23,2023-03-31,3,13787.0,13787.0,0.0,0.0,133.0,13654.0,10597.0,39422.0,-693.0
Vedanta Limited,VEDL,INE205A01025,upstream_material,no,Q4 FY24,2024-03-31,3,16752.0,16752.0,0.0,0.0,195.0,16557.0,10744.0,38339.0,-13686.0
Vedanta Limited,VEDL,INE205A01025,upstream_material,no,Q4 FY25,2025-03-31,3,17005.0,17005.0,0.0,0.0,291.0,16714.0,11139.0,42645.0,-19190.0
Vedanta Limited,VEDL,INE205A01025,upstream_material,no,Q4 FY26,2026-03-31,3,20876.0,20876.0,0.0,0.0,124.0,20752.0,9807.0,47635.0,-24338.0
Zf Commercial Vehicle Control System India Limited,ZFCVINDIA,INE342J01019,ev_component,yes,Q4 FY23,2023-03-31,3,127.8164,127.8164,0.0,0.0,0.2586,127.5578,104.7768,409.6364,-271.0441
Zf Commercial Vehicle Control System India Limited,ZFCVINDIA,INE342J01019,ev_component,yes,Q4 FY24,2024-03-31,3,195.2418,195.2418,0.0,0.0,0.271,194.9708,109.7988,371.2905,-130.9158
Zf Commercial Vehicle Control System India Limited,ZFCVINDIA,INE342J01019,ev_component,yes,Q4 FY25,2025-03-31,3,166.3515,166.3515,0.0,0.0,0.891,165.4605,124.2523,421.5439,-227.7368
Zf Commercial Vehicle Control System India Limited,ZFCVINDIA,INE342J01019,ev_component,yes,Q4 FY26,2026-03-31,3,145.9338,145.9338,0.0,0.0,0.2161,145.7177,131.7978,949.3731,-707.4286
