company,nse_symbol,tier,primary_panel,fiscal_period,period_end,fy_end_month,fixed_assets_cr,intangible_assets_cr,productive_assets_cr,total_assets_cr,split_flag
Amara Raja Energy & Mobility Limited,ARE&M,battery_cell,yes,Q4 FY23,2023-03-31,3,3568.4,427.99,3996.39,6541.68,
Amara Raja Energy & Mobility Limited,ARE&M,battery_cell,yes,Q2 FY24,2023-09-30,9,3262.98,89.49,3352.47,6072.95,
Amara Raja Energy & Mobility Limited,ARE&M,battery_cell,yes,Q4 FY24,2024-03-31,3,4012.31,435.8,4448.11,7308.33,
Amara Raja Energy & Mobility Limited,ARE&M,battery_cell,yes,Q2 FY25,2024-09-30,9,4479.24,497.2,4976.44,7994.48,
Amara Raja Energy & Mobility Limited,ARE&M,battery_cell,yes,Q4 FY25,2025-03-31,3,4876.53,435.8,5312.33,8034.4,
Amara Raja Energy & Mobility Limited,ARE&M,battery_cell,yes,Q2 FY26,2025-09-30,9,5199.83,476.5,5676.33,8504.94,
Amara Raja Energy & Mobility Limited,ARE&M,battery_cell,yes,Q4 FY26,2026-03-31,3,5878.92,435.8,6314.72,9018.03,
Ashok Leyland Limited,ASHOKLEY,oem_ice_led,yes,Q4 FY23,2023-03-31,3,7221.84,1192.59,8414.43,43771.03,
Ashok Leyland Limited,ASHOKLEY,oem_ice_led,yes,Q2 FY24,2023-09-30,9,7222.77,1175.96,8398.73,47457.49,
Ashok Leyland Limited,ASHOKLEY,oem_ice_led,yes,Q4 FY24,2024-03-31,3,7374.35,1196.98,8571.33,54952.62,
Ashok Leyland Limited,ASHOKLEY,oem_ice_led,yes,Q2 FY25,2024-09-30,9,7604.04,1204.49,8808.53,59972.22,
Ashok Leyland Limited,ASHOKLEY,oem_ice_led,yes,Q4 FY25,2025-03-31,3,6647.93,2766.15,9414.08,68561.13,
Ashok Leyland Limited,ASHOKLEY,oem_ice_led,yes,Q2 FY26,2025-09-30,9,9175.84,1364.73,10540.57,74112.51,
Ashok Leyland Limited,ASHOKLEY,oem_ice_led,yes,Q4 FY26,2026-03-31,3,10023.99,1350.84,11374.83,129386.83,
Autoline Industries Limited,AUTOIND,ev_component,yes,Q4 FY23,2023-03-31,3,111.75,40.13,151.88,313.66,
Autoline Industries Limited,AUTOIND,ev_component,yes,Q2 FY24,2023-09-30,9,111.95,50.52,162.47,346.83,
Autoline Industries Limited,AUTOIND,ev_component,yes,Q4 FY24,2024-03-31,3,161.58,1.53,163.11,459.66,reclassified
Autoline Industries Limited,AUTOIND,ev_component,yes,Q2 FY25,2024-09-30,9,192.93,55.42,248.35,419.35,
Autoline Industries Limited,AUTOIND,ev_component,yes,Q4 FY25,2025-03-31,3,299.28,1.53,300.81,508.03,
Autoline Industries Limited,AUTOIND,ev_component,yes,Q2 FY26,2025-09-30,9,319.86,1.53,321.39,440.04,
Autoline Industries Limited,AUTOIND,ev_component,yes,Q4 FY26,2026-03-31,3,371.51,1.53,373.04,530.45,
Bajaj Auto Limited,BAJAJ-AUTO,oem_ev_led,yes,Q4 FY23,2023-03-31,3,2896.8,30.7,2927.5,29865.71,
Bajaj Auto Limited,BAJAJ-AUTO,oem_ev_led,yes,Q2 FY24,2023-09-30,9,2976.3,19.88,2996.18,29902.52,
Bajaj Auto Limited,BAJAJ-AUTO,oem_ev_led,yes,Q4 FY24,2024-03-31,3,3224.59,27.88,3252.47,31418.84,
Bajaj Auto Limited,BAJAJ-AUTO,oem_ev_led,yes,Q2 FY25,2024-09-30,9,3329.18,25.96,3355.14,37172.24,
Bajaj Auto Limited,BAJAJ-AUTO,oem_ev_led,yes,Q4 FY25,2025-03-31,3,3665.72,71.67,3737.39,45768.58,
Bajaj Auto Limited,BAJAJ-AUTO,oem_ev_led,yes,Q2 FY26,2025-09-30,9,3626.62,92.99,3719.61,55044.06,
Bajaj Auto Limited,BAJAJ-AUTO,oem_ev_led,yes,Q4 FY26,2026-03-31,3,7895.94,5586.11,13482.05,64716.67,
Belrise Industries Limited,BELRISE,ev_component,yes,Q2 FY22,2021-09-30,9,2451.24,0.2,2451.44,4104.38,
Belrise Industries Limited,BELRISE,ev_component,yes,Q4 FY22,2022-03-31,3,2580.55,0.07,2580.62,4519.1,
Belrise Industries Limited,BELRISE,ev_component,yes,Q4 FY24,2024-03-31,3,2638.33,0.61,2638.94,5008.45,
Belrise Industries Limited,BELRISE,ev_component,yes,Q4 FY25,2025-03-31,3,3161.25,1.68,3162.93,5750.18,
Belrise Industries Limited,BELRISE,ev_component,yes,Q2 FY26,2025-09-30,9,3280.78,2.58,3283.36,6518.43,
Belrise Industries Limited,BELRISE,ev_component,yes,Q4 FY26,2026-03-31,3,3342.14,1.68,3343.82,6900.98,
Bharat Forge Limited,BHARATFORG,ev_component,yes,Q4 FY23,2023-03-31,3,6566.6,295.47,6862.07,15253.12,
Bharat Forge Limited,BHARATFORG,ev_component,yes,Q2 FY24,2023-09-30,9,6659.78,294.97,6954.75,15167.77,
Bharat Forge Limited,BHARATFORG,ev_component,yes,Q4 FY24,2024-03-31,3,7004.64,295.99,7300.63,15778.3,
Bharat Forge Limited,BHARATFORG,ev_component,yes,Q2 FY25,2024-09-30,9,7637.63,268.45,7906.08,15556.27,
Bharat Forge Limited,BHARATFORG,ev_component,yes,Q4 FY25,2025-03-31,3,8095.85,262.78,8358.63,16401.81,
Bharat Forge Limited,BHARATFORG,ev_component,yes,Q2 FY26,2025-09-30,9,8765.04,388.81,9153.85,16591.54,
Bharat Forge Limited,BHARATFORG,ev_component,yes,Q4 FY26,2026-03-31,3,9015.47,497.9,9513.37,17804.86,
Cie Automotive India Limited,CIEINDIA,ev_component,yes,Q3 FY24,2023-12-31,12,3010.1,2854.02,5864.12,7380.17,
Cie Automotive India Limited,CIEINDIA,ev_component,yes,Q4 FY24,2024-03-31,3,2983.16,2880.97,5864.13,7380.17,
Cie Automotive India Limited,CIEINDIA,ev_component,yes,Q1 FY25,2024-06-30,6,3020.22,2843.54,5863.76,7200.93,
Cie Automotive India Limited,CIEINDIA,ev_component,yes,Q3 FY25,2024-12-31,12,3086.09,2837.26,5923.35,7706.1,
Cie Automotive India Limited,CIEINDIA,ev_component,yes,Q1 FY26,2025-06-30,6,3146.23,2992.57,6138.8,7982.3,
Cie Automotive India Limited,CIEINDIA,ev_component,yes,Q3 FY26,2025-12-31,12,3270.28,3059.43,6329.71,8438.15,
Cie Automotive India Limited,CIEINDIA,ev_component,yes,Q1 FY27,2026-06-30,6,3356.43,3067.79,6424.22,9604.8,
Eicher Motors Limited,EICHERMOT,oem_ice_led,yes,Q4 FY23,2023-03-31,3,2303.53,858.53,3162.06,16120.72,
Eicher Motors Limited,EICHERMOT,oem_ice_led,yes,Q2 FY24,2023-09-30,9,2388.66,935.73,3324.39,17361.27,
Eicher Motors Limited,EICHERMOT,oem_ice_led,yes,Q4 FY24,2024-03-31,3,2433.9,1035.58,3469.48,19677.52,
Eicher Motors Limited,EICHERMOT,oem_ice_led,yes,Q2 FY25,2024-09-30,9,2549.63,1169.77,3719.4,20702.92,
Eicher Motors Limited,EICHERMOT,oem_ice_led,yes,Q4 FY25,2025-03-31,3,2696.04,1268.9,3964.94,23058.59,
Eicher Motors Limited,EICHERMOT,oem_ice_led,yes,Q2 FY26,2025-09-30,9,2711.22,1454.58,4165.8,24059.4,
Eicher Motors Limited,EICHERMOT,oem_ice_led,yes,Q4 FY26,2026-03-31,3,2879.8,1708.2,4588.0,30259.38,
Endurance Technologies Limited,ENDURANCE,ev_component,yes,Q4 FY23,2023-03-31,3,2923.74,390.02,3313.76,5089.61,
Endurance Technologies Limited,ENDURANCE,ev_component,yes,Q2 FY24,2023-09-30,9,3011.68,498.66,3510.34,5449.77,
Endurance Technologies Limited,ENDURANCE,ev_component,yes,Q4 FY24,2024-03-31,3,3397.21,392.3,3789.51,5916.87,
Endurance Technologies Limited,ENDURANCE,ev_component,yes,Q2 FY25,2024-09-30,9,3553.6,510.1,4063.7,6245.57,
Endurance Technologies Limited,ENDURANCE,ev_component,yes,Q4 FY25,2025-03-31,3,4010.6,340.51,4351.11,6767.9,
Endurance Technologies Limited,ENDURANCE,ev_component,yes,Q2 FY26,2025-09-30,9,5180.78,707.22,5888.0,7870.1,
Endurance Technologies Limited,ENDURANCE,ev_component,yes,Q4 FY26,2026-03-31,3,5459.64,729.01,6188.65,8620.11,
Exicom Tele Systems Limited,EXICOM,charging,yes,Q4 FY23,2023-03-31,3,83.46,0.25,83.71,374.09,
Exicom Tele Systems Limited,EXICOM,charging,yes,Q2 FY24,2023-09-30,9,75.7,23.07,98.77,407.69,
Exicom Tele Systems Limited,EXICOM,charging,yes,Q4 FY24,2024-03-31,3,91.6,22.0,113.6,777.91,
Exicom Tele Systems Limited,EXICOM,charging,yes,Q2 FY25,2024-09-30,9,438.74,94.09,532.83,1360.43,
Exicom Tele Systems Limited,EXICOM,charging,yes,Q4 FY25,2025-03-31,3,488.71,177.05,665.76,1355.15,
Exicom Tele Systems Limited,EXICOM,charging,yes,Q2 FY26,2025-09-30,9,530.45,231.23,761.68,1349.41,
Exicom Tele Systems Limited,EXICOM,charging,yes,Q4 FY26,2026-03-31,3,582.11,286.12,868.23,1389.74,
Exide Industries Limited,EXIDEIND,battery_cell,yes,Q4 FY23,2023-03-31,3,4161.71,45.82,4207.53,11889.11,
Exide Industries Limited,EXIDEIND,battery_cell,yes,Q2 FY24,2023-09-30,9,4246.86,298.43,4545.29,13448.02,
Exide Industries Limited,EXIDEIND,battery_cell,yes,Q4 FY24,2024-03-31,3,5159.0,45.82,5204.82,14191.35,
Exide Industries Limited,EXIDEIND,battery_cell,yes,Q2 FY25,2024-09-30,9,6479.24,45.82,6525.06,15954.18,
Exide Industries Limited,EXIDEIND,battery_cell,yes,Q4 FY25,2025-03-31,3,7532.93,45.82,7578.75,16148.38,
Exide Industries Limited,EXIDEIND,battery_cell,yes,Q2 FY26,2025-09-30,9,7630.33,317.34,7947.67,16619.89,
Exide Industries Limited,EXIDEIND,battery_cell,yes,Q4 FY26,2026-03-31,3,7874.58,329.89,8204.47,15643.08,
Hero Motocorp Limited,HEROMOTOCO,oem_ev_led,yes,Q4 FY23,2023-03-31,3,5762.79,850.12,6612.91,18232.19,
Hero Motocorp Limited,HEROMOTOCO,oem_ev_led,yes,Q2 FY24,2023-09-30,9,5706.04,882.62,6588.66,19396.3,
Hero Motocorp Limited,HEROMOTOCO,oem_ev_led,yes,Q4 FY24,2024-03-31,3,5815.71,900.55,6716.26,19511.7,
Hero Motocorp Limited,HEROMOTOCO,oem_ev_led,yes,Q2 FY25,2024-09-30,9,5779.61,953.51,6733.12,20955.87,
Hero Motocorp Limited,HEROMOTOCO,oem_ev_led,yes,Q4 FY25,2025-03-31,3,5807.89,962.27,6770.16,21418.06,
Hero Motocorp Limited,HEROMOTOCO,oem_ev_led,yes,Q2 FY26,2025-09-30,9,5839.46,980.84,6820.3,23338.23,
Hero Motocorp Limited,HEROMOTOCO,oem_ev_led,yes,Q4 FY26,2026-03-31,3,6072.59,1065.94,7138.53,24107.81,
Hyundai Motor India Limited,HYUNDAI,oem_ice_led,yes,Q3 FY24,2023-12-31,12,8106.84,307.25,8414.09,22583.09,
Hyundai Motor India Limited,HYUNDAI,oem_ice_led,yes,Q4 FY24,2024-03-31,3,7984.74,282.53,8267.27,13506.73,
Hyundai Motor India Limited,HYUNDAI,oem_ice_led,yes,Q1 FY25,2024-06-30,6,7964.22,261.29,8225.51,15033.83,
Hyundai Motor India Limited,HYUNDAI,oem_ice_led,yes,Q2 FY25,2024-09-30,9,8481.47,236.84,8718.31,16612.91,
Hyundai Motor India Limited,HYUNDAI,oem_ice_led,yes,Q4 FY25,2025-03-31,3,11628.37,195.1,11823.47,19097.84,
Hyundai Motor India Limited,HYUNDAI,oem_ice_led,yes,Q2 FY26,2025-09-30,9,13366.15,156.7,13522.85,20307.95,
Hyundai Motor India Limited,HYUNDAI,oem_ice_led,yes,Q4 FY26,2026-03-31,3,13667.04,128.18,13795.22,23091.54,
Jbm Auto Limited,JBMA,ev_component,yes,Q4 FY23,2023-03-31,3,3178.9,438.38,3617.28,5699.58,
Jbm Auto Limited,JBMA,ev_component,yes,Q2 FY24,2023-09-30,9,3196.06,462.98,3659.04,6546.56,
Jbm Auto Limited,JBMA,ev_component,yes,Q4 FY24,2024-03-31,3,3201.18,518.66,3719.84,6953.2,
Jbm Auto Limited,JBMA,ev_component,yes,Q2 FY25,2024-09-30,9,3155.84,558.38,3714.22,8106.84,
Jbm Auto Limited,JBMA,ev_component,yes,Q4 FY25,2025-03-31,3,3108.1,478.0,3586.1,8335.7,
Jbm Auto Limited,JBMA,ev_component,yes,Q2 FY26,2025-09-30,9,3137.76,490.44,3628.2,9573.92,
Jbm Auto Limited,JBMA,ev_component,yes,Q4 FY26,2026-03-31,3,2984.8,571.54,3556.34,9933.3,
Jupiter Wagons Limited,JWL,ev_component,yes,Q4 FY23,2023-03-31,3,471.53,20.42,491.95,1126.0,
Jupiter Wagons Limited,JWL,ev_component,yes,Q2 FY24,2023-09-30,9,485.34,29.06,514.4,1459.51,
Jupiter Wagons Limited,JWL,ev_component,yes,Q4 FY24,2024-03-31,3,790.46,94.27,884.73,2015.82,
Jupiter Wagons Limited,JWL,ev_component,yes,Q2 FY25,2024-09-30,9,738.41,175.19,913.6,3055.07,
Jupiter Wagons Limited,JWL,ev_component,yes,Q4 FY25,2025-03-31,3,944.24,94.27,1038.51,3297.66,
Jupiter Wagons Limited,JWL,ev_component,yes,Q2 FY26,2025-09-30,9,1019.16,94.27,1113.43,3593.05,
Jupiter Wagons Limited,JWL,ev_component,yes,Q4 FY26,2026-03-31,3,1184.73,200.03,1384.76,4045.65,
Lumax Industries Limited,LUMAXIND,ev_component,yes,Q4 FY23,2023-03-31,3,782.0,9.78,791.78,1120.91,
Lumax Industries Limited,LUMAXIND,ev_component,yes,Q2 FY24,2023-09-30,9,883.87,17.51,901.38,1326.18,
Lumax Industries Limited,LUMAXIND,ev_component,yes,Q4 FY24,2024-03-31,3,1136.26,9.78,1146.04,1533.14,
Lumax Industries Limited,LUMAXIND,ev_component,yes,Q2 FY25,2024-09-30,9,1215.15,18.28,1233.43,1773.87,
Lumax Industries Limited,LUMAXIND,ev_component,yes,Q4 FY25,2025-03-31,3,1308.23,9.78,1318.01,1794.92,
Lumax Industries Limited,LUMAXIND,ev_component,yes,Q2 FY26,2025-09-30,9,1427.36,17.56,1444.92,1948.83,
Lumax Industries Limited,LUMAXIND,ev_component,yes,Q4 FY26,2026-03-31,3,1528.64,9.78,1538.42,2054.75,
Mahindra & Mahindra Limited,M&M,oem_ev_led,yes,Q4 FY23,2023-03-31,3,28559.66,2548.9,31108.56,169649.32,
Mahindra & Mahindra Limited,M&M,oem_ev_led,yes,Q2 FY24,2023-09-30,9,30105.87,2452.47,32558.34,182472.35,
Mahindra & Mahindra Limited,M&M,oem_ev_led,yes,Q4 FY24,2024-03-31,3,33720.34,2448.37,36168.71,196846.99,
Mahindra & Mahindra Limited,M&M,oem_ev_led,yes,Q2 FY25,2024-09-30,9,27307.84,12564.44,39872.28,212080.8,
Mahindra & Mahindra Limited,M&M,oem_ev_led,yes,Q4 FY25,2025-03-31,3,40560.1,2373.9,42934.0,229336.24,reclassified
Mahindra & Mahindra Limited,M&M,oem_ev_led,yes,Q2 FY26,2025-09-30,9,41909.17,2532.99,44442.16,239676.89,
Mahindra & Mahindra Limited,M&M,oem_ev_led,yes,Q4 FY26,2026-03-31,3,31380.35,14818.6,46198.95,258377.47,reclassified
Maruti Suzuki India Limited,MARUTI,oem_ice_led,yes,Q4 FY23,2023-03-31,3,31447.6,636.8,32084.4,78841.3,
Maruti Suzuki India Limited,MARUTI,oem_ice_led,yes,Q2 FY24,2023-09-30,9,20833.3,636.9,21470.2,69123.1,
Maruti Suzuki India Limited,MARUTI,oem_ice_led,yes,Q4 FY24,2024-03-31,3,34915.4,684.2,35599.6,89449.9,
Maruti Suzuki India Limited,MARUTI,oem_ice_led,yes,Q2 FY25,2024-09-30,9,36918.7,721.4,37640.1,94317.8,
Maruti Suzuki India Limited,MARUTI,oem_ice_led,yes,Q4 FY25,2025-03-31,3,40019.8,891.9,40911.7,101429.7,
Maruti Suzuki India Limited,MARUTI,oem_ice_led,yes,Q2 FY26,2025-09-30,9,42504.8,896.0,43400.8,105015.8,
Maruti Suzuki India Limited,MARUTI,oem_ice_led,yes,Q4 FY26,2026-03-31,3,43425.7,935.9,44361.6,113179.9,
Minda Corporation Limited,MINDACORP,ev_component,yes,Q4 FY23,2023-03-31,3,1018.04,92.93,1110.97,2361.99,
Minda Corporation Limited,MINDACORP,ev_component,yes,Q2 FY24,2023-09-30,9,1022.87,158.35,1181.22,2716.98,
Minda Corporation Limited,MINDACORP,ev_component,yes,Q4 FY24,2024-03-31,3,1177.0,92.97,1269.97,2580.06,
Minda Corporation Limited,MINDACORP,ev_component,yes,Q2 FY25,2024-09-30,9,1174.66,170.31,1344.97,2703.13,
Minda Corporation Limited,MINDACORP,ev_component,yes,Q4 FY25,2025-03-31,3,1499.68,92.97,1592.65,3882.2,
Minda Corporation Limited,MINDACORP,ev_component,yes,Q2 FY26,2025-09-30,9,1451.23,183.43,1634.66,4048.11,
Minda Corporation Limited,MINDACORP,ev_component,yes,Q4 FY26,2026-03-31,3,1666.25,92.97,1759.22,4227.67,
Ola Electric Mobility Limited,OLAELEC,oem_ev_pure,yes,Q1 FY24,2023-06-30,6,1203.84,653.73,1857.57,3909.77,
Ola Electric Mobility Limited,OLAELEC,oem_ev_pure,yes,Q4 FY24,2024-03-31,3,3195.0,9.0,3204.0,4904.0,
Ola Electric Mobility Limited,OLAELEC,oem_ev_pure,yes,Q2 FY25,2024-09-30,9,2487.0,899.0,3386.0,10108.0,reclassified
Ola Electric Mobility Limited,OLAELEC,oem_ev_pure,yes,Q4 FY25,2025-03-31,3,3847.0,9.0,3856.0,9040.0,
Ola Electric Mobility Limited,OLAELEC,oem_ev_pure,yes,Q2 FY26,2025-09-30,9,2803.0,1024.0,3827.0,7713.0,reclassified
Ola Electric Mobility Limited,OLAELEC,oem_ev_pure,yes,Q4 FY26,2026-03-31,3,3839.0,9.0,3848.0,6517.0,reclassified
Olectra Greentech Limited,OLECTRA,oem_ev_pure,yes,Q4 FY23,2023-03-31,3,346.68,12.93,359.61,1016.5,
Olectra Greentech Limited,OLECTRA,oem_ev_pure,yes,Q2 FY24,2023-09-30,9,343.69,11.46,355.15,1050.53,
Olectra Greentech Limited,OLECTRA,oem_ev_pure,yes,Q4 FY24,2024-03-31,3,390.53,11.43,401.96,1086.49,
Olectra Greentech Limited,OLECTRA,oem_ev_pure,yes,Q2 FY25,2024-09-30,9,428.39,11.26,439.65,1225.05,
Olectra Greentech Limited,OLECTRA,oem_ev_pure,yes,Q4 FY25,2025-03-31,3,527.67,14.0,541.67,1361.05,
Olectra Greentech Limited,OLECTRA,oem_ev_pure,yes,Q2 FY26,2025-09-30,9,597.04,11.96,609.0,1539.39,
Olectra Greentech Limited,OLECTRA,oem_ev_pure,yes,Q4 FY26,2026-03-31,3,646.0,9.97,655.97,1737.88,
Ppap Automotive Limited,PPAP,ev_component,yes,Q4 FY23,2023-03-31,3,319.56,9.99,329.55,457.51,
Ppap Automotive Limited,PPAP,ev_component,yes,Q2 FY24,2023-09-30,9,321.25,10.33,331.58,460.87,
Ppap Automotive Limited,PPAP,ev_component,yes,Q4 FY24,2024-03-31,3,318.52,11.42,329.94,460.9,
Ppap Automotive Limited,PPAP,ev_component,yes,Q2 FY25,2024-09-30,9,318.74,11.57,330.31,459.95,
Ppap Automotive Limited,PPAP,ev_component,yes,Q4 FY25,2025-03-31,3,330.72,12.07,342.79,476.38,
Ppap Automotive Limited,PPAP,ev_component,yes,Q2 FY26,2025-09-30,9,334.0,13.01,347.01,483.13,
Ppap Automotive Limited,PPAP,ev_component,yes,Q4 FY26,2026-03-31,3,349.07,15.18,364.25,568.69,
Precision Camshafts Limited,PRECAM,ev_component,yes,Q4 FY23,2023-03-31,3,376.01,16.57,392.58,835.39,
Precision Camshafts Limited,PRECAM,ev_component,yes,Q2 FY24,2023-09-30,9,353.38,27.1,380.48,842.9,
Precision Camshafts Limited,PRECAM,ev_component,yes,Q4 FY24,2024-03-31,3,335.86,16.58,352.44,878.14,
Precision Camshafts Limited,PRECAM,ev_component,yes,Q2 FY25,2024-09-30,9,331.91,16.71,348.62,886.71,
Precision Camshafts Limited,PRECAM,ev_component,yes,Q4 FY25,2025-03-31,3,331.09,13.59,344.68,940.02,
Precision Camshafts Limited,PRECAM,ev_component,yes,Q2 FY26,2025-09-30,9,343.45,13.88,357.33,911.88,
Precision Camshafts Limited,PRECAM,ev_component,yes,Q4 FY26,2026-03-31,3,358.39,13.59,371.98,926.77,
Samvardhana Motherson International Limited,MOTHERSON,ev_component,yes,Q4 FY23,2023-03-31,3,20852.15,3772.62,24624.77,40304.65,
Samvardhana Motherson International Limited,MOTHERSON,ev_component,yes,Q2 FY24,2023-09-30,9,23993.19,5741.86,29735.05,48641.68,
Samvardhana Motherson International Limited,MOTHERSON,ev_component,yes,Q4 FY24,2024-03-31,3,26869.13,5750.08,32619.21,51317.83,
Samvardhana Motherson International Limited,MOTHERSON,ev_component,yes,Q2 FY25,2024-09-30,9,26325.19,8823.28,35148.47,63635.37,
Samvardhana Motherson International Limited,MOTHERSON,ev_component,yes,Q4 FY25,2025-03-31,3,29272.48,6553.98,35826.46,57982.37,reclassified
Samvardhana Motherson International Limited,MOTHERSON,ev_component,yes,Q2 FY26,2025-09-30,9,29653.98,9053.63,38707.61,64350.07,
Samvardhana Motherson International Limited,MOTHERSON,ev_component,yes,Q4 FY26,2026-03-31,3,35282.63,7308.99,42591.62,69741.67,
Sansera Engineering Limited,SANSERA,ev_component,yes,Q4 FY23,2023-03-31,3,1434.57,34.71,1469.28,2106.68,
Sansera Engineering Limited,SANSERA,ev_component,yes,Q2 FY24,2023-09-30,9,1499.51,36.89,1536.4,2187.11,
Sansera Engineering Limited,SANSERA,ev_component,yes,Q4 FY24,2024-03-31,3,1633.16,34.33,1667.49,2375.67,
Sansera Engineering Limited,SANSERA,ev_component,yes,Q2 FY25,2024-09-30,9,1805.17,39.69,1844.86,2702.49,
Sansera Engineering Limited,SANSERA,ev_component,yes,Q4 FY25,2025-03-31,3,2096.02,36.13,2132.15,3305.08,
Sansera Engineering Limited,SANSERA,ev_component,yes,Q2 FY26,2025-09-30,9,2216.44,42.61,2259.05,3462.79,
Sansera Engineering Limited,SANSERA,ev_component,yes,Q4 FY26,2026-03-31,3,2441.37,39.9,2481.27,3878.13,
Sona Blw Precision Forgings Limited,SONACOMS,ev_component,yes,Q4 FY23,2023-03-31,3,1502.94,175.81,1678.75,2691.64,
Sona Blw Precision Forgings Limited,SONACOMS,ev_component,yes,Q2 FY24,2023-09-30,9,1094.46,966.13,2060.59,3058.23,
Sona Blw Precision Forgings Limited,SONACOMS,ev_component,yes,Q4 FY24,2024-03-31,3,1962.36,351.83,2314.19,3414.49,reclassified
Sona Blw Precision Forgings Limited,SONACOMS,ev_component,yes,Q2 FY25,2024-09-30,9,1364.27,1064.5,2428.77,5735.46,reclassified
Sona Blw Precision Forgings Limited,SONACOMS,ev_component,yes,Q4 FY25,2025-03-31,3,2194.87,351.83,2546.7,6003.97,reclassified
Sona Blw Precision Forgings Limited,SONACOMS,ev_component,yes,Q2 FY26,2025-09-30,9,3509.58,552.78,4062.36,6254.44,
Sona Blw Precision Forgings Limited,SONACOMS,ev_component,yes,Q4 FY26,2026-03-31,3,1954.82,2118.29,4073.11,6773.34,reclassified
Sterling Tools Limited,STERTOOLS,ev_component,yes,Q4 FY23,2023-03-31,3,285.03,1.3,286.33,566.74,
Sterling Tools Limited,STERTOOLS,ev_component,yes,Q2 FY24,2023-09-30,9,284.78,1.19,285.97,588.59,
Sterling Tools Limited,STERTOOLS,ev_component,yes,Q4 FY24,2024-03-31,3,281.52,2.93,284.45,599.79,
Sterling Tools Limited,STERTOOLS,ev_component,yes,Q2 FY25,2024-09-30,9,290.27,3.69,293.96,660.59,
Sterling Tools Limited,STERTOOLS,ev_component,yes,Q4 FY25,2025-03-31,3,324.35,7.73,332.08,691.89,
Sterling Tools Limited,STERTOOLS,ev_component,yes,Q2 FY26,2025-09-30,9,322.87,9.35,332.22,733.65,
Sterling Tools Limited,STERTOOLS,ev_component,yes,Q4 FY26,2026-03-31,3,337.4,11.07,348.47,711.52,
Subros Limited,SUBROS,ev_component,yes,Q4 FY23,2023-03-31,3,645.04,164.17,809.21,932.63,
Subros Limited,SUBROS,ev_component,yes,Q2 FY24,2023-09-30,9,655.68,159.25,814.93,1001.79,
Subros Limited,SUBROS,ev_component,yes,Q4 FY24,2024-03-31,3,663.15,162.24,825.39,1025.16,
Subros Limited,SUBROS,ev_component,yes,Q2 FY25,2024-09-30,9,647.4,158.67,806.07,1092.41,
Subros Limited,SUBROS,ev_component,yes,Q4 FY25,2025-03-31,3,638.26,159.27,797.53,1161.9,
Subros Limited,SUBROS,ev_component,yes,Q2 FY26,2025-09-30,9,626.71,156.83,783.54,1288.06,
Subros Limited,SUBROS,ev_component,yes,Q4 FY26,2026-03-31,3,652.61,156.09,808.7,1409.21,
Syrma Sgs Technology Limited,SYRMA,ev_component,yes,Q4 FY23,2023-03-31,3,430.96,126.75,557.71,1944.28,
Syrma Sgs Technology Limited,SYRMA,ev_component,yes,Q2 FY24,2023-09-30,9,571.74,340.49,912.23,2134.67,
Syrma Sgs Technology Limited,SYRMA,ev_component,yes,Q4 FY24,2024-03-31,3,770.15,322.1,1092.25,2363.46,
Syrma Sgs Technology Limited,SYRMA,ev_component,yes,Q2 FY25,2024-09-30,9,871.2,346.06,1217.26,2429.68,
Syrma Sgs Technology Limited,SYRMA,ev_component,yes,Q4 FY25,2025-03-31,3,887.78,322.1,1209.88,2549.11,
Syrma Sgs Technology Limited,SYRMA,ev_component,yes,Q2 FY26,2025-09-30,9,898.95,322.1,1221.05,3281.24,
Syrma Sgs Technology Limited,SYRMA,ev_component,yes,Q4 FY26,2026-03-31,3,1075.47,454.65,1530.12,3674.59,
Tata Motors Limited,TMCV,oem_ev_led,yes,Q4 FY25,2025-03-31,3,12404.0,3135.0,15539.0,25943.0,
Tata Motors Limited,TMCV,oem_ev_led,yes,Q2 FY26,2025-09-30,9,12408.0,3308.0,15716.0,25211.0,
Tata Motors Limited,TMCV,oem_ev_led,yes,Q4 FY26,2026-03-31,3,12560.0,3428.0,15988.0,29791.0,
Tube Investments Of India Limited,TIINDIA,ev_component,yes,Q4 FY23,2023-03-31,3,2925.25,853.79,3779.04,6831.81,
Tube Investments Of India Limited,TIINDIA,ev_component,yes,Q2 FY24,2023-09-30,9,3405.96,1081.1,4487.06,8590.8,
Tube Investments Of India Limited,TIINDIA,ev_component,yes,Q4 FY24,2024-03-31,3,3639.26,1134.74,4774.0,9044.86,
Tube Investments Of India Limited,TIINDIA,ev_component,yes,Q2 FY25,2024-09-30,9,4098.8,1249.95,5348.75,10571.25,
Tube Investments Of India Limited,TIINDIA,ev_component,yes,Q4 FY25,2025-03-31,3,4730.51,1248.72,5979.23,11218.63,
Tube Investments Of India Limited,TIINDIA,ev_component,yes,Q2 FY26,2025-09-30,9,5418.55,1311.34,6729.89,14901.53,
Tube Investments Of India Limited,TIINDIA,ev_component,yes,Q4 FY26,2026-03-31,3,5816.9,1310.23,7127.13,16810.58,
Tvs Motor Company Limited,TVSMOTOR,oem_ev_led,yes,Q4 FY23,2023-03-31,3,5894.43,597.05,6491.48,28762.2,
Tvs Motor Company Limited,TVSMOTOR,oem_ev_led,yes,Q2 FY24,2023-09-30,9,6064.14,597.05,6661.19,32527.17,
Tvs Motor Company Limited,TVSMOTOR,oem_ev_led,yes,Q4 FY24,2024-03-31,3,6326.72,597.05,6923.77,34014.95,
Tvs Motor Company Limited,TVSMOTOR,oem_ev_led,yes,Q2 FY25,2024-09-30,9,6670.32,597.05,7267.37,35939.16,
Tvs Motor Company Limited,TVSMOTOR,oem_ev_led,yes,Q4 FY25,2025-03-31,3,8378.47,731.43,9109.9,38687.57,
Tvs Motor Company Limited,TVSMOTOR,oem_ev_led,yes,Q2 FY26,2025-09-30,9,9116.45,731.43,9847.88,41381.41,
Tvs Motor Company Limited,TVSMOTOR,oem_ev_led,yes,Q4 FY26,2026-03-31,3,10441.7,731.43,11173.13,56661.03,
Uno Minda Limited,UNOMINDA,ev_component,yes,Q4 FY23,2023-03-31,3,3298.56,310.28,3608.84,6050.23,
Uno Minda Limited,UNOMINDA,ev_component,yes,Q2 FY24,2023-09-30,9,3398.52,553.75,3952.27,6594.58,
Uno Minda Limited,UNOMINDA,ev_component,yes,Q4 FY24,2024-03-31,3,3808.69,337.64,4146.33,7134.36,
Uno Minda Limited,UNOMINDA,ev_component,yes,Q2 FY25,2024-09-30,9,4206.04,575.99,4782.03,8004.01,
Uno Minda Limited,UNOMINDA,ev_component,yes,Q4 FY25,2025-03-31,3,5131.53,347.88,5479.41,8770.06,
Uno Minda Limited,UNOMINDA,ev_component,yes,Q2 FY26,2025-09-30,9,5334.46,614.95,5949.41,9679.33,
Uno Minda Limited,UNOMINDA,ev_component,yes,Q4 FY26,2026-03-31,3,5799.37,604.75,6404.12,10215.38,
Varroc Engineering Limited,VARROC,ev_component,yes,Q4 FY23,2023-03-31,3,2052.57,133.41,2185.98,2988.0,
Varroc Engineering Limited,VARROC,ev_component,yes,Q2 FY24,2023-09-30,9,2018.44,124.03,2142.47,2691.47,
Varroc Engineering Limited,VARROC,ev_component,yes,Q4 FY24,2024-03-31,3,2059.52,47.09,2106.61,2991.35,
Varroc Engineering Limited,VARROC,ev_component,yes,Q2 FY25,2024-09-30,9,1951.58,104.63,2056.21,2920.35,
Varroc Engineering Limited,VARROC,ev_component,yes,Q4 FY25,2025-03-31,3,2071.96,47.31,2119.27,2764.06,
Varroc Engineering Limited,VARROC,ev_component,yes,Q2 FY26,2025-09-30,9,2231.58,48.44,2280.02,2688.56,
Varroc Engineering Limited,VARROC,ev_component,yes,Q4 FY26,2026-03-31,3,2334.13,48.93,2383.06,2835.85,
Zf Commercial Vehicle Control System India Limited,ZFCVINDIA,ev_component,yes,Q4 FY23,2023-03-31,3,652.26,11.55,663.81,2490.24,
Zf Commercial Vehicle Control System India Limited,ZFCVINDIA,ev_component,yes,Q2 FY24,2023-09-30,9,679.94,7.86,687.8,2673.74,
Zf Commercial Vehicle Control System India Limited,ZFCVINDIA,ev_component,yes,Q4 FY24,2024-03-31,3,745.66,11.17,756.83,2878.74,
Zf Commercial Vehicle Control System India Limited,ZFCVINDIA,ev_component,yes,Q2 FY25,2024-09-30,9,757.49,9.52,767.01,3049.23,
Zf Commercial Vehicle Control System India Limited,ZFCVINDIA,ev_component,yes,Q4 FY25,2025-03-31,3,794.42,10.53,804.95,3304.64,
Zf Commercial Vehicle Control System India Limited,ZFCVINDIA,ev_component,yes,Q2 FY26,2025-09-30,9,783.97,7.27,791.24,3495.94,
Zf Commercial Vehicle Control System India Limited,ZFCVINDIA,ev_component,yes,Q4 FY26,2026-03-31,3,786.73,5.69,792.42,3791.75,
