maker,nse_symbol,isin
AMPERE VEHICLES,,
ATHER ENERGY,ATHERENERG,INE0LEZ01016
BAJAJ AUTO,BAJAJ-AUTO,INE917I01010
BGAUSS AUTO,,
DILLI ELECTRIC AUTO,,
ENERGY ELECTRIC VEHICLES,,
HERO MOTOCORP,HEROMOTOCO,INE158A01026
J. S. AUTO (P),,
KINETIC GREEN ENERGY AND POWER SOLUTIONS,,
MAHINDRA AND MAHINDRA,M&M,INE101A01026
MG MOTOR INDIA,,
MINI METRO EV L.L.P,,
OLA,OLAELEC,INE0LXG01040
PIAGGIO VEHICLES,,
RIVER MOBILITY,,
SAERA ELECTRIC AUTO,,
TATA MOTORS,TMCV,INE1TAE01010
TVS MOTOR,TVSMOTOR,INE494B01023
UNIQUE INTERNATIONAL EV,,
YC ELECTRIC VEHICLE,,
