brand,model,variant,ex_showroom_price_inr,battery_kwh,range_km,rating,reviews,first_seen,last_seen,weeks_observed
Bajaj,Bajaj Chetak,Chetak 3001,102400,,127,4.6,130,2025-11-28,2025-12-09,2
Bajaj,Bajaj Chetak,Chetak 3001,107400,,127,4.6,140,2025-12-17,2026-04-26,13
Bajaj,Bajaj Chetak,Chetak 3001,107505,,127,4.6,138,2026-03-24,2026-03-24,1
Bajaj,Bajaj Chetak,Chetak 3001,107606,,127,4.6,140,2026-05-04,2026-05-04,1
Bajaj,Bajaj Chetak,Chetak 3501,134500,,153,4.6,134,2025-11-28,2026-02-02,7
Bajaj,Bajaj Chetak,Chetak 3501,139605,,153,4.6,140,2026-02-18,2026-04-26,9
Bajaj,Bajaj Chetak,Chetak 3502,122500,,153,4.6,134,2025-11-28,2026-02-02,7
Bajaj,Bajaj Chetak,Chetak 3502,127605,,153,4.6,140,2026-02-18,2026-04-26,9
Bajaj,Bajaj Chetak,Chetak 3503,109500,,155,4.6,134,2025-11-28,2026-02-02,7
Bajaj,Bajaj Chetak,Chetak 3503,114605,,151,4.6,140,2026-02-18,2026-04-09,7
Bajaj,Bajaj Chetak,Chetak 3503,118605,,151,4.6,140,2026-04-18,2026-05-04,3
Bajaj,Bajaj Chetak,Chetak C2501,91399,,113,4.6,134,2026-01-20,2026-01-20,1
Bajaj,Bajaj Chetak,Chetak C3001,110006,,127,4.6,140,2026-05-21,2026-05-21,1
Bajaj,Bajaj Chetak,Chetak C3001,111006,,127,4.6,141,2026-06-22,2026-06-30,2
Bajaj,Bajaj Chetak,Chetak C3001,111006,,131,4.6,142,2026-07-16,2026-07-16,1
Bajaj,Bajaj Chetak,Chetak C3001,119270,,131,4.6,144,2026-07-24,2026-08-11,2
Bajaj,Bajaj Chetak,Chetak C3501,139305,,153,4.6,140,2026-05-04,2026-05-04,1
Bajaj,Bajaj Chetak,Chetak C3501,146305,,153,4.6,140,2026-05-21,2026-05-21,1
Bajaj,Bajaj Chetak,Chetak C3501,147507,,153,4.6,142,2026-06-22,2026-07-16,3
Bajaj,Bajaj Chetak,Chetak C3501,157140,,153,4.6,144,2026-07-24,2026-08-11,2
Bajaj,Bajaj Chetak,Chetak C3502,129104,,153,4.6,140,2026-05-04,2026-05-21,2
Bajaj,Bajaj Chetak,Chetak C3502,135306,,153,4.6,142,2026-06-22,2026-07-16,3
Bajaj,Bajaj Chetak,Chetak C3502,144939,,153,4.6,144,2026-07-24,2026-08-11,2
Bajaj,Bajaj Chetak,Chetak C3503,120605,,151,4.6,140,2026-05-21,2026-05-21,1
Bajaj,Bajaj Chetak,Chetak C3503,121807,,151,4.6,142,2026-06-22,2026-07-16,3
Bajaj,Bajaj Chetak,Chetak C3503,129157,,151,4.6,144,2026-07-24,2026-08-11,2
Bajaj,Bajaj Chetak C2501,Chetak C2501 STD,91399,,113,4.7,2,2026-02-02,2026-04-26,10
Bajaj,Bajaj Chetak C2501,Chetak C2501 STD,96504,,113,4.1,2,2026-05-04,2026-05-04,1
Bajaj,Bajaj Chetak C2501,Chetak C2501 STD,135306,,113,4.1,2,2026-06-22,2026-07-16,3
Bajaj,Bajaj Chetak C2501,Chetak C2501 STD,104802,,113,4.1,2,2026-08-11,2026-09-28,7
Honda,Honda Activa e,Activa e RoadSync Duo,152249,,102,4.6,95,2025-11-28,2025-11-28,1
Honda,Honda Activa e,Activa e STD,117649,,102,4.6,95,2025-11-28,2025-11-28,1
Honda,Honda QC1,QC1 STD,90022,,80,4.5,6,2025-11-28,2025-11-28,1
Royal Enfield,Royal Enfield Flying Flea C6,Flying Flea C6 BaaS,199000,,154,4.5,32,2026-04-18,2026-04-26,2
Royal Enfield,Royal Enfield Flying Flea C6,Flying Flea C6 STD,279000,,154,4.5,32,2026-04-18,2026-08-11,13
Royal Enfield,Royal Enfield Flying Flea C6,Flying Flea C6 STD,290240,,154,,32,2026-06-14,2026-06-22,2
TVS,TVS Orbiter,Orbiter STD,104900,,158,4.1,2,2025-11-28,2025-11-28,1
TVS,TVS X,X Electric Scooter STD,263880,,140,4.2,60,2025-11-28,2025-11-28,1
TVS,TVS iQube,iQube 2.2 kWh,111422,2.2,94,4.4,478,2025-11-28,2025-11-28,1
TVS,TVS iQube,iQube 3.1 kWh,121615,3.1,123,4.4,478,2025-11-28,2025-11-28,1
TVS,TVS iQube,iQube 3.5 kWh,132043,3.5,145,4.4,478,2025-11-28,2025-11-28,1
TVS,TVS iQube,iQube Celebration Edition,130993,,145,4.4,478,2025-11-28,2025-11-28,1
TVS,TVS iQube S,iQube S 3.5 kWh,139642,3.5,145,4.5,21,2025-11-28,2025-11-28,1
TVS,TVS iQube S,iQube S Celebration Edition,139642,,145,4.5,21,2025-11-28,2025-11-28,1
TVS,TVS iQube ST,iQube ST 3.5 kWh,127935,3.5,145,4.6,28,2025-11-28,2025-11-28,1
TVS,TVS iQube ST,iQube ST 5.3 kWh,161984,5.3,212,4.6,28,2025-11-28,2025-11-28,1
Yamaha,Yamaha Aerox-E,Aerox-E STD,281600,,117,,,2026-07-16,2026-08-11,4
Yamaha,Yamaha EC-06,EC-06 STD,167600,,169,5,1,2026-02-18,2026-08-19,18
Yamaha,Yamaha EC-06,EC-06 STD,172785,,169,,28,2026-06-14,2026-06-22,2
Yamaha,Yamaha EC-06,EC-06 STD,171200,,169,5,1,2026-08-27,2026-09-28,5
