month,maker,ev_registrations
2023-01-01,AMPERE VEHICLES,4608
2023-01-01,ATHER ENERGY,9682
2023-01-01,BAJAJ AUTO,2712
2023-01-01,BGAUSS AUTO,815
2023-01-01,DILLI ELECTRIC AUTO,1492
2023-01-01,ENERGY ELECTRIC VEHICLES,605
2023-01-01,HERO MOTOCORP,157
2023-01-01,J. S. AUTO (P),701
2023-01-01,KINETIC GREEN ENERGY AND POWER SOLUTIONS,1347
2023-01-01,MAHINDRA AND MAHINDRA,3053
2023-01-01,MG MOTOR INDIA,519
2023-01-01,MINI METRO EV L.L.P,1117
2023-01-01,OLA,19372
2023-01-01,PIAGGIO VEHICLES,1145
2023-01-01,SAERA ELECTRIC AUTO,1748
2023-01-01,TATA MOTORS,2792
2023-01-01,TVS MOTOR,11005
2023-01-01,UNIQUE INTERNATIONAL EV,845
2023-01-01,YC ELECTRIC VEHICLE,2286
2023-02-01,AMPERE VEHICLES,6216
2023-02-01,ATHER ENERGY,10707
2023-02-01,BAJAJ AUTO,1284
2023-02-01,BGAUSS AUTO,712
2023-02-01,DILLI ELECTRIC AUTO,1564
2023-02-01,ENERGY ELECTRIC VEHICLES,694
2023-02-01,HERO MOTOCORP,304
2023-02-01,J. S. AUTO (P),810
2023-02-01,KINETIC GREEN ENERGY AND POWER SOLUTIONS,1326
2023-02-01,MAHINDRA AND MAHINDRA,3922
2023-02-01,MG MOTOR INDIA,443
2023-02-01,MINI METRO EV L.L.P,942
2023-02-01,OLA,18474
2023-02-01,PIAGGIO VEHICLES,1144
2023-02-01,SAERA ELECTRIC AUTO,1856
2023-02-01,TATA MOTORS,4222
2023-02-01,TVS MOTOR,13308
2023-02-01,UNIQUE INTERNATIONAL EV,826
2023-02-01,YC ELECTRIC VEHICLE,2591
2023-03-01,AMPERE VEHICLES,9993
2023-03-01,ATHER ENERGY,12788
2023-03-01,BAJAJ AUTO,2271
2023-03-01,BGAUSS AUTO,798
2023-03-01,DILLI ELECTRIC AUTO,2062
2023-03-01,ENERGY ELECTRIC VEHICLES,760
2023-03-01,HERO MOTOCORP,298
2023-03-01,J. S. AUTO (P),828
2023-03-01,KINETIC GREEN ENERGY AND POWER SOLUTIONS,2132
2023-03-01,MAHINDRA AND MAHINDRA,4837
2023-03-01,MG MOTOR INDIA,607
2023-03-01,MINI METRO EV L.L.P,1266
2023-03-01,OLA,22222
2023-03-01,PIAGGIO VEHICLES,1521
2023-03-01,SAERA ELECTRIC AUTO,2243
2023-03-01,TATA MOTORS,7710
2023-03-01,TVS MOTOR,17708
2023-03-01,UNIQUE INTERNATIONAL EV,1150
2023-03-01,YC ELECTRIC VEHICLE,3103
2023-04-01,AMPERE VEHICLES,9179
2023-04-01,ATHER ENERGY,8334
2023-04-01,BAJAJ AUTO,3862
2023-04-01,BGAUSS AUTO,795
2023-04-01,DILLI ELECTRIC AUTO,1730
2023-04-01,ENERGY ELECTRIC VEHICLES,677
2023-04-01,HERO MOTOCORP,145
2023-04-01,J. S. AUTO (P),770
2023-04-01,KINETIC GREEN ENERGY AND POWER SOLUTIONS,1186
2023-04-01,MAHINDRA AND MAHINDRA,4240
2023-04-01,MG MOTOR INDIA,453
2023-04-01,MINI METRO EV L.L.P,1037
2023-04-01,OLA,22892
2023-04-01,PIAGGIO VEHICLES,1486
2023-04-01,SAERA ELECTRIC AUTO,1857
2023-04-01,TATA MOTORS,4956
2023-04-01,TVS MOTOR,9691
2023-04-01,UNIQUE INTERNATIONAL EV,883
2023-04-01,YC ELECTRIC VEHICLE,2839
2023-05-01,AMPERE VEHICLES,11432
2023-05-01,ATHER ENERGY,16410
2023-05-01,BAJAJ AUTO,10396
2023-05-01,BGAUSS AUTO,2046
2023-05-01,DILLI ELECTRIC AUTO,2078
2023-05-01,ENERGY ELECTRIC VEHICLES,781
2023-05-01,HERO MOTOCORP,763
2023-05-01,J. S. AUTO (P),837
2023-05-01,KINETIC GREEN ENERGY AND POWER SOLUTIONS,1376
2023-05-01,MAHINDRA AND MAHINDRA,4568
2023-05-01,MG MOTOR INDIA,575
2023-05-01,MINI METRO EV L.L.P,1203
2023-05-01,OLA,30192
2023-05-01,PIAGGIO VEHICLES,1715
2023-05-01,SAERA ELECTRIC AUTO,2060
2023-05-01,TATA MOTORS,6639
2023-05-01,TVS MOTOR,21747
2023-05-01,UNIQUE INTERNATIONAL EV,1122
2023-05-01,YC ELECTRIC VEHICLE,3244
2023-06-01,AMPERE VEHICLES,3135
2023-06-01,ATHER ENERGY,4859
2023-06-01,BAJAJ AUTO,3217
2023-06-01,BGAUSS AUTO,202
2023-06-01,DILLI ELECTRIC AUTO,2142
2023-06-01,ENERGY ELECTRIC VEHICLES,833
2023-06-01,HERO MOTOCORP,499
2023-06-01,J. S. AUTO (P),897
2023-06-01,KINETIC GREEN ENERGY AND POWER SOLUTIONS,574
2023-06-01,MAHINDRA AND MAHINDRA,5032
2023-06-01,MG MOTOR INDIA,1320
2023-06-01,MINI METRO EV L.L.P,1504
2023-06-01,OLA,18352
2023-06-01,PIAGGIO VEHICLES,1837
2023-06-01,SAERA ELECTRIC AUTO,2363
2023-06-01,TATA MOTORS,6269
2023-06-01,TVS MOTOR,8123
2023-06-01,UNIQUE INTERNATIONAL EV,1161
2023-06-01,YC ELECTRIC VEHICLE,3472
2023-07-01,AMPERE VEHICLES,3655
2023-07-01,ATHER ENERGY,7164
2023-07-01,BAJAJ AUTO,4520
2023-07-01,BGAUSS AUTO,687
2023-07-01,DILLI ELECTRIC AUTO,2473
2023-07-01,ENERGY ELECTRIC VEHICLES,1049
2023-07-01,HERO MOTOCORP,1025
2023-07-01,J. S. AUTO (P),1001
2023-07-01,KINETIC GREEN ENERGY AND POWER SOLUTIONS,670
2023-07-01,MAHINDRA AND MAHINDRA,5879
2023-07-01,MG MOTOR INDIA,1412
2023-07-01,MINI METRO EV L.L.P,1568
2023-07-01,OLA,20320
2023-07-01,PIAGGIO VEHICLES,2031
2023-07-01,SAERA ELECTRIC AUTO,2723
2023-07-01,TATA MOTORS,6121
2023-07-01,TVS MOTOR,10897
2023-07-01,UNIQUE INTERNATIONAL EV,1300
2023-07-01,YC ELECTRIC VEHICLE,3593
2023-08-01,AMPERE VEHICLES,3789
2023-08-01,ATHER ENERGY,7722
2023-08-01,BAJAJ AUTO,7063
2023-08-01,BGAUSS AUTO,968
2023-08-01,DILLI ELECTRIC AUTO,2721
2023-08-01,ENERGY ELECTRIC VEHICLES,1067
2023-08-01,HERO MOTOCORP,970
2023-08-01,J. S. AUTO (P),1011
2023-08-01,KINETIC GREEN ENERGY AND POWER SOLUTIONS,951
2023-08-01,MAHINDRA AND MAHINDRA,5834
2023-08-01,MG MOTOR INDIA,1339
2023-08-01,MINI METRO EV L.L.P,1701
2023-08-01,OLA,19507
2023-08-01,PIAGGIO VEHICLES,2006
2023-08-01,SAERA ELECTRIC AUTO,2856
2023-08-01,TATA MOTORS,5354
2023-08-01,TVS MOTOR,16347
2023-08-01,UNIQUE INTERNATIONAL EV,1447
2023-08-01,YC ELECTRIC VEHICLE,3986
2023-09-01,AMPERE VEHICLES,4296
2023-09-01,ATHER ENERGY,7722
2023-09-01,BAJAJ AUTO,8184
2023-09-01,BGAUSS AUTO,961
2023-09-01,DILLI ELECTRIC AUTO,2338
2023-09-01,ENERGY ELECTRIC VEHICLES,1155
2023-09-01,HERO MOTOCORP,566
2023-09-01,J. S. AUTO (P),1225
2023-09-01,KINETIC GREEN ENERGY AND POWER SOLUTIONS,580
2023-09-01,MAHINDRA AND MAHINDRA,5509
2023-09-01,MG MOTOR INDIA,1013
2023-09-01,MINI METRO EV L.L.P,1395
2023-09-01,OLA,19233
2023-09-01,PIAGGIO VEHICLES,1995
2023-09-01,SAERA ELECTRIC AUTO,3141
2023-09-01,TATA MOTORS,4901
2023-09-01,TVS MOTOR,16573
2023-09-01,UNIQUE INTERNATIONAL EV,1324
2023-09-01,YC ELECTRIC VEHICLE,3991
2023-10-01,AMPERE VEHICLES,4662
2023-10-01,ATHER ENERGY,9051
2023-10-01,BAJAJ AUTO,10212
2023-10-01,BGAUSS AUTO,1199
2023-10-01,DILLI ELECTRIC AUTO,2187
2023-10-01,ENERGY ELECTRIC VEHICLES,1120
2023-10-01,HERO MOTOCORP,2026
2023-10-01,J. S. AUTO (P),1016
2023-10-01,KINETIC GREEN ENERGY AND POWER SOLUTIONS,749
2023-10-01,MAHINDRA AND MAHINDRA,5479
2023-10-01,MG MOTOR INDIA,1050
2023-10-01,MINI METRO EV L.L.P,1355
2023-10-01,OLA,24474
2023-10-01,PIAGGIO VEHICLES,2266
2023-10-01,RIVER MOBILITY,14
2023-10-01,SAERA ELECTRIC AUTO,3132
2023-10-01,TATA MOTORS,6273
2023-10-01,TVS MOTOR,17471
2023-10-01,UNIQUE INTERNATIONAL EV,1104
2023-10-01,YC ELECTRIC VEHICLE,4068
2023-11-01,AMPERE VEHICLES,4792
2023-11-01,ATHER ENERGY,10044
2023-11-01,BAJAJ AUTO,13601
2023-11-01,BGAUSS AUTO,1640
2023-11-01,DILLI ELECTRIC AUTO,2027
2023-11-01,ENERGY ELECTRIC VEHICLES,1080
2023-11-01,HERO MOTOCORP,3293
2023-11-01,J. S. AUTO (P),983
2023-11-01,KINETIC GREEN ENERGY AND POWER SOLUTIONS,724
2023-11-01,MAHINDRA AND MAHINDRA,6215
2023-11-01,MG MOTOR INDIA,1084
2023-11-01,MINI METRO EV L.L.P,1342
2023-11-01,OLA,30581
2023-11-01,PIAGGIO VEHICLES,2274
2023-11-01,RIVER MOBILITY,43
2023-11-01,SAERA ELECTRIC AUTO,2702
2023-11-01,TATA MOTORS,5692
2023-11-01,TVS MOTOR,20465
2023-11-01,UNIQUE INTERNATIONAL EV,1191
2023-11-01,YC ELECTRIC VEHICLE,3691
2023-12-01,AMPERE VEHICLES,3477
2023-12-01,ATHER ENERGY,7258
2023-12-01,BAJAJ AUTO,12353
2023-12-01,BGAUSS AUTO,1232
2023-12-01,DILLI ELECTRIC AUTO,2290
2023-12-01,ENERGY ELECTRIC VEHICLES,1262
2023-12-01,HERO MOTOCORP,1794
2023-12-01,J. S. AUTO (P),1085
2023-12-01,KINETIC GREEN ENERGY AND POWER SOLUTIONS,989
2023-12-01,MAHINDRA AND MAHINDRA,5949
2023-12-01,MG MOTOR INDIA,1106
2023-12-01,MINI METRO EV L.L.P,1532
2023-12-01,OLA,31703
2023-12-01,PIAGGIO VEHICLES,2132
2023-12-01,RIVER MOBILITY,35
2023-12-01,SAERA ELECTRIC AUTO,2653
2023-12-01,TATA MOTORS,5861
2023-12-01,TVS MOTOR,13761
2023-12-01,UNIQUE INTERNATIONAL EV,1221
2023-12-01,YC ELECTRIC VEHICLE,3819
2024-01-01,AMPERE VEHICLES,2631
2024-01-01,ATHER ENERGY,10163
2024-01-01,BAJAJ AUTO,12955
2024-01-01,BGAUSS AUTO,1512
2024-01-01,DILLI ELECTRIC AUTO,2007
2024-01-01,ENERGY ELECTRIC VEHICLES,1044
2024-01-01,HERO MOTOCORP,1600
2024-01-01,J. S. AUTO (P),826
2024-01-01,KINETIC GREEN ENERGY AND POWER SOLUTIONS,1118
2024-01-01,MAHINDRA AND MAHINDRA,5619
2024-01-01,MG MOTOR INDIA,1340
2024-01-01,MINI METRO EV L.L.P,1115
2024-01-01,OLA,33747
2024-01-01,PIAGGIO VEHICLES,2159
2024-01-01,RIVER MOBILITY,43
2024-01-01,SAERA ELECTRIC AUTO,2360
2024-01-01,TATA MOTORS,6581
2024-01-01,TVS MOTOR,16677
2024-01-01,UNIQUE INTERNATIONAL EV,1114
2024-01-01,YC ELECTRIC VEHICLE,3375
2024-02-01,AMPERE VEHICLES,2675
2024-02-01,ATHER ENERGY,9931
2024-02-01,BAJAJ AUTO,13798
2024-02-01,BGAUSS AUTO,1527
2024-02-01,DILLI ELECTRIC AUTO,1991
2024-02-01,ENERGY ELECTRIC VEHICLES,919
2024-02-01,HERO MOTOCORP,1836
2024-02-01,J. S. AUTO (P),903
2024-02-01,KINETIC GREEN ENERGY AND POWER SOLUTIONS,874
2024-02-01,MAHINDRA AND MAHINDRA,5803
2024-02-01,MG MOTOR INDIA,1205
2024-02-01,MINI METRO EV L.L.P,1154
2024-02-01,OLA,36930
2024-02-01,PIAGGIO VEHICLES,2020
2024-02-01,RIVER MOBILITY,84
2024-02-01,SAERA ELECTRIC AUTO,2090
2024-02-01,TATA MOTORS,5949
2024-02-01,TVS MOTOR,16053
2024-02-01,UNIQUE INTERNATIONAL EV,1028
2024-02-01,YC ELECTRIC VEHICLE,3356
2024-03-01,AMPERE VEHICLES,3230
2024-03-01,ATHER ENERGY,18684
2024-03-01,BAJAJ AUTO,22463
2024-03-01,BGAUSS AUTO,3207
2024-03-01,DILLI ELECTRIC AUTO,2197
2024-03-01,ENERGY ELECTRIC VEHICLES,1015
2024-03-01,HERO MOTOCORP,4258
2024-03-01,J. S. AUTO (P),972
2024-03-01,KINETIC GREEN ENERGY AND POWER SOLUTIONS,4459
2024-03-01,MAHINDRA AND MAHINDRA,8498
2024-03-01,MG MOTOR INDIA,1279
2024-03-01,MINI METRO EV L.L.P,1162
2024-03-01,OLA,56285
2024-03-01,PIAGGIO VEHICLES,3357
2024-03-01,RIVER MOBILITY,167
2024-03-01,SAERA ELECTRIC AUTO,2189
2024-03-01,TATA MOTORS,9363
2024-03-01,TVS MOTOR,29675
2024-03-01,UNIQUE INTERNATIONAL EV,1075
2024-03-01,YC ELECTRIC VEHICLE,3320
2024-04-01,AMPERE VEHICLES,2764
2024-04-01,ATHER ENERGY,4370
2024-04-01,BAJAJ AUTO,9052
2024-04-01,BGAUSS AUTO,717
2024-04-01,DILLI ELECTRIC AUTO,1613
2024-04-01,ENERGY ELECTRIC VEHICLES,953
2024-04-01,HERO MOTOCORP,975
2024-04-01,J. S. AUTO (P),728
2024-04-01,KINETIC GREEN ENERGY AND POWER SOLUTIONS,617
2024-04-01,MAHINDRA AND MAHINDRA,3931
2024-04-01,MG MOTOR INDIA,1347
2024-04-01,MINI METRO EV L.L.P,963
2024-04-01,OLA,34934
2024-04-01,PIAGGIO VEHICLES,736
2024-04-01,RIVER MOBILITY,245
2024-04-01,SAERA ELECTRIC AUTO,1966
2024-04-01,TATA MOTORS,5618
2024-04-01,TVS MOTOR,8088
2024-04-01,UNIQUE INTERNATIONAL EV,956
2024-04-01,YC ELECTRIC VEHICLE,2936
2024-05-01,AMPERE VEHICLES,2120
2024-05-01,ATHER ENERGY,6641
2024-05-01,BAJAJ AUTO,12104
2024-05-01,BGAUSS AUTO,1163
2024-05-01,DILLI ELECTRIC AUTO,2206
2024-05-01,ENERGY ELECTRIC VEHICLES,1068
2024-05-01,HERO MOTOCORP,2572
2024-05-01,J. S. AUTO (P),910
2024-05-01,KINETIC GREEN ENERGY AND POWER SOLUTIONS,674
2024-05-01,MAHINDRA AND MAHINDRA,5213
2024-05-01,MG MOTOR INDIA,1597
2024-05-01,MINI METRO EV L.L.P,1318
2024-05-01,OLA,39543
2024-05-01,PIAGGIO VEHICLES,1393
2024-05-01,RIVER MOBILITY,167
2024-05-01,SAERA ELECTRIC AUTO,2473
2024-05-01,TATA MOTORS,5723
2024-05-01,TVS MOTOR,12560
2024-05-01,UNIQUE INTERNATIONAL EV,1324
2024-05-01,YC ELECTRIC VEHICLE,3779
2024-06-01,AMPERE VEHICLES,2867
2024-06-01,ATHER ENERGY,6778
2024-06-01,BAJAJ AUTO,12361
2024-06-01,BGAUSS AUTO,1265
2024-06-01,DILLI ELECTRIC AUTO,1963
2024-06-01,ENERGY ELECTRIC VEHICLES,1069
2024-06-01,HERO MOTOCORP,3218
2024-06-01,J. S. AUTO (P),928
2024-06-01,KINETIC GREEN ENERGY AND POWER SOLUTIONS,659
2024-06-01,MAHINDRA AND MAHINDRA,5349
2024-06-01,MG MOTOR INDIA,1589
2024-06-01,MINI METRO EV L.L.P,1296
2024-06-01,OLA,39328
2024-06-01,PIAGGIO VEHICLES,1351
2024-06-01,RIVER MOBILITY,201
2024-06-01,SAERA ELECTRIC AUTO,2471
2024-06-01,TATA MOTORS,5113
2024-06-01,TVS MOTOR,14987
2024-06-01,UNIQUE INTERNATIONAL EV,1173
2024-06-01,YC ELECTRIC VEHICLE,3356
2024-07-01,AMPERE VEHICLES,3277
2024-07-01,ATHER ENERGY,11208
2024-07-01,BAJAJ AUTO,22762
2024-07-01,BGAUSS AUTO,2368
2024-07-01,DILLI ELECTRIC AUTO,2271
2024-07-01,ENERGY ELECTRIC VEHICLES,1240
2024-07-01,HERO MOTOCORP,5352
2024-07-01,J. S. AUTO (P),897
2024-07-01,KINETIC GREEN ENERGY AND POWER SOLUTIONS,845
2024-07-01,MAHINDRA AND MAHINDRA,7674
2024-07-01,MG MOTOR INDIA,1725
2024-07-01,MINI METRO EV L.L.P,1433
2024-07-01,OLA,44738
2024-07-01,PIAGGIO VEHICLES,1983
2024-07-01,RIVER MOBILITY,275
2024-07-01,SAERA ELECTRIC AUTO,2573
2024-07-01,TATA MOTORS,5751
2024-07-01,TVS MOTOR,21611
2024-07-01,UNIQUE INTERNATIONAL EV,1340
2024-07-01,YC ELECTRIC VEHICLE,3857
2024-08-01,AMPERE VEHICLES,3046
2024-08-01,ATHER ENERGY,11697
2024-08-01,BAJAJ AUTO,21569
2024-08-01,BGAUSS AUTO,1134
2024-08-01,DILLI ELECTRIC AUTO,2213
2024-08-01,ENERGY ELECTRIC VEHICLES,1307
2024-08-01,HERO MOTOCORP,5002
2024-08-01,J. S. AUTO (P),1046
2024-08-01,KINETIC GREEN ENERGY AND POWER SOLUTIONS,529
2024-08-01,MAHINDRA AND MAHINDRA,5565
2024-08-01,MG MOTOR INDIA,1511
2024-08-01,MINI METRO EV L.L.P,1338
2024-08-01,OLA,28688
2024-08-01,PIAGGIO VEHICLES,1565
2024-08-01,RIVER MOBILITY,375
2024-08-01,SAERA ELECTRIC AUTO,2806
2024-08-01,TATA MOTORS,4980
2024-08-01,TVS MOTOR,18804
2024-08-01,UNIQUE INTERNATIONAL EV,1170
2024-08-01,YC ELECTRIC VEHICLE,3793
2024-09-01,AMPERE VEHICLES,2890
2024-09-01,ATHER ENERGY,14058
2024-09-01,BAJAJ AUTO,25253
2024-09-01,BGAUSS AUTO,1256
2024-09-01,DILLI ELECTRIC AUTO,2097
2024-09-01,ENERGY ELECTRIC VEHICLES,1202
2024-09-01,HERO MOTOCORP,4506
2024-09-01,J. S. AUTO (P),943
2024-09-01,KINETIC GREEN ENERGY AND POWER SOLUTIONS,603
2024-09-01,MAHINDRA AND MAHINDRA,6690
2024-09-01,MG MOTOR INDIA,1089
2024-09-01,MINI METRO EV L.L.P,1175
2024-09-01,OLA,26280
2024-09-01,PIAGGIO VEHICLES,1695
2024-09-01,RIVER MOBILITY,398
2024-09-01,SAERA ELECTRIC AUTO,2514
2024-09-01,TATA MOTORS,4494
2024-09-01,TVS MOTOR,19678
2024-09-01,UNIQUE INTERNATIONAL EV,1199
2024-09-01,YC ELECTRIC VEHICLE,3827
2024-10-01,AMPERE VEHICLES,4114
2024-10-01,ATHER ENERGY,17267
2024-10-01,BAJAJ AUTO,35423
2024-10-01,BGAUSS AUTO,2042
2024-10-01,DILLI ELECTRIC AUTO,2389
2024-10-01,ENERGY ELECTRIC VEHICLES,1188
2024-10-01,HERO MOTOCORP,7548
2024-10-01,J. S. AUTO (P),898
2024-10-01,KINETIC GREEN ENERGY AND POWER SOLUTIONS,1614
2024-10-01,MAHINDRA AND MAHINDRA,8535
2024-10-01,MG MOTOR INDIA,2855
2024-10-01,MINI METRO EV L.L.P,1384
2024-10-01,OLA,43091
2024-10-01,PIAGGIO VEHICLES,1956
2024-10-01,RIVER MOBILITY,433
2024-10-01,SAERA ELECTRIC AUTO,2488
2024-10-01,TATA MOTORS,7308
2024-10-01,TVS MOTOR,31447
2024-10-01,UNIQUE INTERNATIONAL EV,1180
2024-10-01,YC ELECTRIC VEHICLE,4602
2024-11-01,AMPERE VEHICLES,4701
2024-11-01,ATHER ENERGY,14213
2024-11-01,BAJAJ AUTO,33685
2024-11-01,BGAUSS AUTO,2108
2024-11-01,DILLI ELECTRIC AUTO,2044
2024-11-01,ENERGY ELECTRIC VEHICLES,1233
2024-11-01,HERO MOTOCORP,7810
2024-11-01,J. S. AUTO (P),916
2024-11-01,KINETIC GREEN ENERGY AND POWER SOLUTIONS,1261
2024-11-01,MAHINDRA AND MAHINDRA,7851
2024-11-01,MG MOTOR INDIA,3578
2024-11-01,MINI METRO EV L.L.P,1229
2024-11-01,OLA,30634
2024-11-01,PIAGGIO VEHICLES,2506
2024-11-01,RIVER MOBILITY,333
2024-11-01,SAERA ELECTRIC AUTO,2274
2024-11-01,TATA MOTORS,5091
2024-11-01,TVS MOTOR,29343
2024-11-01,UNIQUE INTERNATIONAL EV,1166
2024-11-01,YC ELECTRIC VEHICLE,3978
2024-12-01,AMPERE VEHICLES,2949
2024-12-01,ATHER ENERGY,11443
2024-12-01,BAJAJ AUTO,23293
2024-12-01,BGAUSS AUTO,1117
2024-12-01,DILLI ELECTRIC AUTO,2062
2024-12-01,ENERGY ELECTRIC VEHICLES,1152
2024-12-01,HERO MOTOCORP,1077
2024-12-01,J. S. AUTO (P),982
2024-12-01,KINETIC GREEN ENERGY AND POWER SOLUTIONS,781
2024-12-01,MAHINDRA AND MAHINDRA,6083
2024-12-01,MG MOTOR INDIA,4134
2024-12-01,MINI METRO EV L.L.P,1197
2024-12-01,OLA,14704
2024-12-01,PIAGGIO VEHICLES,1405
2024-12-01,RIVER MOBILITY,249
2024-12-01,SAERA ELECTRIC AUTO,2108
2024-12-01,TATA MOTORS,4866
2024-12-01,TVS MOTOR,18687
2024-12-01,UNIQUE INTERNATIONAL EV,988
2024-12-01,YC ELECTRIC VEHICLE,3800
2025-01-01,AMPERE VEHICLES,3742
2025-01-01,ATHER ENERGY,14049
2025-01-01,BAJAJ AUTO,27592
2025-01-01,BGAUSS AUTO,1472
2025-01-01,DILLI ELECTRIC AUTO,1925
2025-01-01,ENERGY ELECTRIC VEHICLES,1006
2025-01-01,HERO MOTOCORP,1694
2025-01-01,J. S. AUTO (P),926
2025-01-01,KINETIC GREEN ENERGY AND POWER SOLUTIONS,952
2025-01-01,MAHINDRA AND MAHINDRA,7151
2025-01-01,MG MOTOR INDIA,4931
2025-01-01,MINI METRO EV L.L.P,1034
2025-01-01,OLA,24907
2025-01-01,PIAGGIO VEHICLES,1662
2025-01-01,RIVER MOBILITY,682
2025-01-01,SAERA ELECTRIC AUTO,2271
2025-01-01,TATA MOTORS,6346
2025-01-01,TVS MOTOR,25549
2025-01-01,UNIQUE INTERNATIONAL EV,1108
2025-01-01,YC ELECTRIC VEHICLE,3882
2025-02-01,AMPERE VEHICLES,3843
2025-02-01,ATHER ENERGY,12921
2025-02-01,BAJAJ AUTO,26936
2025-02-01,BGAUSS AUTO,1329
2025-02-01,DILLI ELECTRIC AUTO,1710
2025-02-01,ENERGY ELECTRIC VEHICLES,854
2025-02-01,HERO MOTOCORP,2802
2025-02-01,J. S. AUTO (P),812
2025-02-01,KINETIC GREEN ENERGY AND POWER SOLUTIONS,854
2025-02-01,MAHINDRA AND MAHINDRA,6582
2025-02-01,MG MOTOR INDIA,3850
2025-02-01,MINI METRO EV L.L.P,918
2025-02-01,OLA,9148
2025-02-01,PIAGGIO VEHICLES,1218
2025-02-01,RIVER MOBILITY,663
2025-02-01,SAERA ELECTRIC AUTO,2075
2025-02-01,TATA MOTORS,4745
2025-02-01,TVS MOTOR,20323
2025-02-01,UNIQUE INTERNATIONAL EV,716
2025-02-01,YC ELECTRIC VEHICLE,3372
2025-03-01,AMPERE VEHICLES,5802
2025-03-01,ATHER ENERGY,17020
2025-03-01,BAJAJ AUTO,41975
2025-03-01,BGAUSS AUTO,3390
2025-03-01,DILLI ELECTRIC AUTO,1734
2025-03-01,ENERGY ELECTRIC VEHICLES,1091
2025-03-01,HERO MOTOCORP,8238
2025-03-01,J. S. AUTO (P),1032
2025-03-01,KINETIC GREEN ENERGY AND POWER SOLUTIONS,1187
2025-03-01,MAHINDRA AND MAHINDRA,9105
2025-03-01,MG MOTOR INDIA,4582
2025-03-01,MINI METRO EV L.L.P,1015
2025-03-01,OLA,24027
2025-03-01,PIAGGIO VEHICLES,1424
2025-03-01,RIVER MOBILITY,882
2025-03-01,SAERA ELECTRIC AUTO,2232
2025-03-01,TATA MOTORS,5753
2025-03-01,TVS MOTOR,33624
2025-03-01,UNIQUE INTERNATIONAL EV,911
2025-03-01,YC ELECTRIC VEHICLE,3451
2025-04-01,AMPERE VEHICLES,4105
2025-04-01,ATHER ENERGY,14341
2025-04-01,BAJAJ AUTO,25406
2025-04-01,BGAUSS AUTO,1328
2025-04-01,DILLI ELECTRIC AUTO,1758
2025-04-01,ENERGY ELECTRIC VEHICLES,1171
2025-04-01,HERO MOTOCORP,6344
2025-04-01,J. S. AUTO (P),1172
2025-04-01,KINETIC GREEN ENERGY AND POWER SOLUTIONS,1541
2025-04-01,MAHINDRA AND MAHINDRA,9300
2025-04-01,MG MOTOR INDIA,4199
2025-04-01,MINI METRO EV L.L.P,1041
2025-04-01,OLA,20190
2025-04-01,PIAGGIO VEHICLES,1145
2025-04-01,RIVER MOBILITY,891
2025-04-01,SAERA ELECTRIC AUTO,1794
2025-04-01,TATA MOTORS,5621
2025-04-01,TVS MOTOR,22068
2025-04-01,UNIQUE INTERNATIONAL EV,1077
2025-04-01,YC ELECTRIC VEHICLE,3367
2025-05-01,AMPERE VEHICLES,4333
2025-05-01,ATHER ENERGY,14102
2025-05-01,BAJAJ AUTO,29015
2025-05-01,BGAUSS AUTO,1083
2025-05-01,DILLI ELECTRIC AUTO,1735
2025-05-01,ENERGY ELECTRIC VEHICLES,1142
2025-05-01,HERO MOTOCORP,7383
2025-05-01,J. S. AUTO (P),1002
2025-05-01,KINETIC GREEN ENERGY AND POWER SOLUTIONS,1389
2025-05-01,MAHINDRA AND MAHINDRA,9957
2025-05-01,MG MOTOR INDIA,4571
2025-05-01,MINI METRO EV L.L.P,1189
2025-05-01,OLA,18954
2025-05-01,PIAGGIO VEHICLES,1043
2025-05-01,RIVER MOBILITY,1077
2025-05-01,SAERA ELECTRIC AUTO,2004
2025-05-01,TATA MOTORS,5303
2025-05-01,TVS MOTOR,27420
2025-05-01,UNIQUE INTERNATIONAL EV,1143
2025-05-01,YC ELECTRIC VEHICLE,3682
2025-06-01,AMPERE VEHICLES,4334
2025-06-01,ATHER ENERGY,16015
2025-06-01,BAJAJ AUTO,30593
2025-06-01,BGAUSS AUTO,1975
2025-06-01,DILLI ELECTRIC AUTO,1674
2025-06-01,ENERGY ELECTRIC VEHICLES,1025
2025-06-01,HERO MOTOCORP,7921
2025-06-01,J. S. AUTO (P),808
2025-06-01,KINETIC GREEN ENERGY AND POWER SOLUTIONS,929
2025-06-01,MAHINDRA AND MAHINDRA,11037
2025-06-01,MG MOTOR INDIA,4691
2025-06-01,MINI METRO EV L.L.P,1029
2025-06-01,OLA,20696
2025-06-01,PIAGGIO VEHICLES,1077
2025-06-01,RIVER MOBILITY,1399
2025-06-01,SAERA ELECTRIC AUTO,2006
2025-06-01,TATA MOTORS,5690
2025-06-01,TVS MOTOR,28428
2025-06-01,UNIQUE INTERNATIONAL EV,866
2025-06-01,YC ELECTRIC VEHICLE,3298
2025-07-01,AMPERE VEHICLES,4273
2025-07-01,ATHER ENERGY,17827
2025-07-01,BAJAJ AUTO,28281
2025-07-01,BGAUSS AUTO,1763
2025-07-01,DILLI ELECTRIC AUTO,1921
2025-07-01,ENERGY ELECTRIC VEHICLES,1236
2025-07-01,HERO MOTOCORP,10830
2025-07-01,J. S. AUTO (P),901
2025-07-01,KINETIC GREEN ENERGY AND POWER SOLUTIONS,1442
2025-07-01,MAHINDRA AND MAHINDRA,13493
2025-07-01,MG MOTOR INDIA,5891
2025-07-01,MINI METRO EV L.L.P,1090
2025-07-01,OLA,18426
2025-07-01,PIAGGIO VEHICLES,1241
2025-07-01,RIVER MOBILITY,1679
2025-07-01,SAERA ELECTRIC AUTO,2206
2025-07-01,TATA MOTORS,7056
2025-07-01,TVS MOTOR,25854
2025-07-01,UNIQUE INTERNATIONAL EV,943
2025-07-01,YC ELECTRIC VEHICLE,3632
2025-08-01,AMPERE VEHICLES,4578
2025-08-01,ATHER ENERGY,19204
2025-08-01,BAJAJ AUTO,18616
2025-08-01,BGAUSS AUTO,1729
2025-08-01,DILLI ELECTRIC AUTO,1816
2025-08-01,ENERGY ELECTRIC VEHICLES,1079
2025-08-01,HERO MOTOCORP,13768
2025-08-01,J. S. AUTO (P),938
2025-08-01,KINETIC GREEN ENERGY AND POWER SOLUTIONS,1778
2025-08-01,MAHINDRA AND MAHINDRA,13189
2025-08-01,MG MOTOR INDIA,5603
2025-08-01,MINI METRO EV L.L.P,1146
2025-08-01,OLA,19451
2025-08-01,PIAGGIO VEHICLES,1213
2025-08-01,RIVER MOBILITY,1903
2025-08-01,SAERA ELECTRIC AUTO,2173
2025-08-01,TATA MOTORS,8488
2025-08-01,TVS MOTOR,27924
2025-08-01,UNIQUE INTERNATIONAL EV,872
2025-08-01,YC ELECTRIC VEHICLE,3423
2025-09-01,AMPERE VEHICLES,4359
2025-09-01,ATHER ENERGY,19352
2025-09-01,BAJAJ AUTO,27249
2025-09-01,BGAUSS AUTO,2524
2025-09-01,DILLI ELECTRIC AUTO,1535
2025-09-01,ENERGY ELECTRIC VEHICLES,867
2025-09-01,HERO MOTOCORP,13270
2025-09-01,J. S. AUTO (P),857
2025-09-01,KINETIC GREEN ENERGY AND POWER SOLUTIONS,1294
2025-09-01,MAHINDRA AND MAHINDRA,12580
2025-09-01,MG MOTOR INDIA,4784
2025-09-01,MINI METRO EV L.L.P,970
2025-09-01,OLA,13849
2025-09-01,PIAGGIO VEHICLES,1058
2025-09-01,RIVER MOBILITY,1894
2025-09-01,SAERA ELECTRIC AUTO,1625
2025-09-01,TATA MOTORS,7963
2025-09-01,TVS MOTOR,26423
2025-09-01,UNIQUE INTERNATIONAL EV,816
2025-09-01,YC ELECTRIC VEHICLE,3209
2025-10-01,AMPERE VEHICLES,7749
2025-10-01,ATHER ENERGY,29853
2025-10-01,BAJAJ AUTO,40680
2025-10-01,BGAUSS AUTO,3077
2025-10-01,DILLI ELECTRIC AUTO,1886
2025-10-01,ENERGY ELECTRIC VEHICLES,1114
2025-10-01,HERO MOTOCORP,16499
2025-10-01,J. S. AUTO (P),1035
2025-10-01,KINETIC GREEN ENERGY AND POWER SOLUTIONS,1461
2025-10-01,MAHINDRA AND MAHINDRA,16777
2025-10-01,MG MOTOR INDIA,5343
2025-10-01,MINI METRO EV L.L.P,1132
2025-10-01,OLA,16428
2025-10-01,PIAGGIO VEHICLES,1421
2025-10-01,RIVER MOBILITY,1823
2025-10-01,SAERA ELECTRIC AUTO,2263
2025-10-01,TATA MOTORS,8853
2025-10-01,TVS MOTOR,34054
2025-10-01,UNIQUE INTERNATIONAL EV,916
2025-10-01,YC ELECTRIC VEHICLE,3501
2025-11-01,AMPERE VEHICLES,5896
2025-11-01,ATHER ENERGY,21873
2025-11-01,BAJAJ AUTO,35808
2025-11-01,BGAUSS AUTO,2951
2025-11-01,DILLI ELECTRIC AUTO,2056
2025-11-01,ENERGY ELECTRIC VEHICLES,1252
2025-11-01,HERO MOTOCORP,12874
2025-11-01,J. S. AUTO (P),1395
2025-11-01,KINETIC GREEN ENERGY AND POWER SOLUTIONS,1515
2025-11-01,MAHINDRA AND MAHINDRA,14651
2025-11-01,MG MOTOR INDIA,4373
2025-11-01,MINI METRO EV L.L.P,1383
2025-11-01,OLA,8882
2025-11-01,PIAGGIO VEHICLES,1338
2025-11-01,RIVER MOBILITY,2060
2025-11-01,SAERA ELECTRIC AUTO,2271
2025-11-01,TATA MOTORS,7681
2025-11-01,TVS MOTOR,35337
2025-11-01,UNIQUE INTERNATIONAL EV,1110
2025-11-01,YC ELECTRIC VEHICLE,3455
2025-12-01,AMPERE VEHICLES,4851
2025-12-01,ATHER ENERGY,18367
2025-12-01,BAJAJ AUTO,27593
2025-12-01,BGAUSS AUTO,2511
2025-12-01,DILLI ELECTRIC AUTO,2169
2025-12-01,ENERGY ELECTRIC VEHICLES,957
2025-12-01,HERO MOTOCORP,11391
2025-12-01,J. S. AUTO (P),1124
2025-12-01,KINETIC GREEN ENERGY AND POWER SOLUTIONS,820
2025-12-01,MAHINDRA AND MAHINDRA,12099
2025-12-01,MG MOTOR INDIA,4254
2025-12-01,MINI METRO EV L.L.P,1127
2025-12-01,OLA,9391
2025-12-01,PIAGGIO VEHICLES,1350
2025-12-01,RIVER MOBILITY,2060
2025-12-01,SAERA ELECTRIC AUTO,1882
2025-12-01,TATA MOTORS,8097
2025-12-01,TVS MOTOR,29852
2025-12-01,UNIQUE INTERNATIONAL EV,763
2025-12-01,YC ELECTRIC VEHICLE,2956
2026-01-01,AMPERE VEHICLES,5421
2026-01-01,ATHER ENERGY,23080
2026-01-01,BAJAJ AUTO,35234
2026-01-01,BGAUSS AUTO,2539
2026-01-01,DILLI ELECTRIC AUTO,1918
2026-01-01,ENERGY ELECTRIC VEHICLES,888
2026-01-01,HERO MOTOCORP,13867
2026-01-01,J. S. AUTO (P),1133
2026-01-01,KINETIC GREEN ENERGY AND POWER SOLUTIONS,605
2026-01-01,MAHINDRA AND MAHINDRA,12118
2026-01-01,MG MOTOR INDIA,5561
2026-01-01,MINI METRO EV L.L.P,1008
2026-01-01,OLA,7804
2026-01-01,PIAGGIO VEHICLES,932
2026-01-01,RIVER MOBILITY,2854
2026-01-01,SAERA ELECTRIC AUTO,1613
2026-01-01,TATA MOTORS,9908
2026-01-01,TVS MOTOR,38897
2026-01-01,UNIQUE INTERNATIONAL EV,637
2026-01-01,YC ELECTRIC VEHICLE,2415
2026-02-01,AMPERE VEHICLES,4763
2026-02-01,ATHER ENERGY,21259
2026-02-01,BAJAJ AUTO,35210
2026-02-01,BGAUSS AUTO,2723
2026-02-01,DILLI ELECTRIC AUTO,1591
2026-02-01,ENERGY ELECTRIC VEHICLES,818
2026-02-01,HERO MOTOCORP,12975
2026-02-01,J. S. AUTO (P),1117
2026-02-01,KINETIC GREEN ENERGY AND POWER SOLUTIONS,506
2026-02-01,MAHINDRA AND MAHINDRA,11547
2026-02-01,MG MOTOR INDIA,3862
2026-02-01,MINI METRO EV L.L.P,912
2026-02-01,OLA,4167
2026-02-01,PIAGGIO VEHICLES,974
2026-02-01,RIVER MOBILITY,2476
2026-02-01,SAERA ELECTRIC AUTO,1573
2026-02-01,TATA MOTORS,7143
2026-02-01,TVS MOTOR,36037
2026-02-01,UNIQUE INTERNATIONAL EV,587
2026-02-01,YC ELECTRIC VEHICLE,1953
2026-03-01,AMPERE VEHICLES,7987
2026-03-01,ATHER ENERGY,36614
2026-03-01,BAJAJ AUTO,56959
2026-03-01,BGAUSS AUTO,3773
2026-03-01,DILLI ELECTRIC AUTO,1605
2026-03-01,ENERGY ELECTRIC VEHICLES,806
2026-03-01,HERO MOTOCORP,22565
2026-03-01,J. S. AUTO (P),1076
2026-03-01,KINETIC GREEN ENERGY AND POWER SOLUTIONS,525
2026-03-01,MAHINDRA AND MAHINDRA,15911
2026-03-01,MG MOTOR INDIA,5721
2026-03-01,MINI METRO EV L.L.P,888
2026-03-01,OLA,10279
2026-03-01,PIAGGIO VEHICLES,1278
2026-03-01,RIVER MOBILITY,4273
2026-03-01,SAERA ELECTRIC AUTO,1438
2026-03-01,TATA MOTORS,10353
2026-03-01,TVS MOTOR,54751
2026-03-01,UNIQUE INTERNATIONAL EV,574
2026-03-01,YC ELECTRIC VEHICLE,1927
2026-04-01,AMPERE VEHICLES,7014
2026-04-01,ATHER ENERGY,28633
2026-04-01,BAJAJ AUTO,44593
2026-04-01,BGAUSS AUTO,3230
2026-04-01,DILLI ELECTRIC AUTO,1328
2026-04-01,ENERGY ELECTRIC VEHICLES,694
2026-04-01,HERO MOTOCORP,15940
2026-04-01,J. S. AUTO (P),1057
2026-04-01,KINETIC GREEN ENERGY AND POWER SOLUTIONS,756
2026-04-01,MAHINDRA AND MAHINDRA,16822
2026-04-01,MG MOTOR INDIA,5454
2026-04-01,MINI METRO EV L.L.P,914
2026-04-01,OLA,12368
2026-04-01,PIAGGIO VEHICLES,1199
2026-04-01,RIVER MOBILITY,3706
2026-04-01,SAERA ELECTRIC AUTO,1388
2026-04-01,TATA MOTORS,10417
2026-04-01,TVS MOTOR,43518
2026-04-01,UNIQUE INTERNATIONAL EV,649
2026-04-01,YC ELECTRIC VEHICLE,1932
2026-05-01,AMPERE VEHICLES,7706
2026-05-01,ATHER ENERGY,28584
2026-05-01,BAJAJ AUTO,51964
2026-05-01,BGAUSS AUTO,3300
2026-05-01,DILLI ELECTRIC AUTO,1504
2026-05-01,ENERGY ELECTRIC VEHICLES,837
2026-05-01,HERO MOTOCORP,19228
2026-05-01,J. S. AUTO (P),1155
2026-05-01,KINETIC GREEN ENERGY AND POWER SOLUTIONS,452
2026-05-01,MAHINDRA AND MAHINDRA,18246
2026-05-01,MG MOTOR INDIA,5327
2026-05-01,MINI METRO EV L.L.P,1046
2026-05-01,OLA,15294
2026-05-01,PIAGGIO VEHICLES,1279
2026-05-01,RIVER MOBILITY,3800
2026-05-01,SAERA ELECTRIC AUTO,1458
2026-05-01,TATA MOTORS,11948
2026-05-01,TVS MOTOR,46909
2026-05-01,UNIQUE INTERNATIONAL EV,696
2026-05-01,YC ELECTRIC VEHICLE,2268
2026-06-01,AMPERE VEHICLES,10945
2026-06-01,ATHER ENERGY,31524
2026-06-01,BAJAJ AUTO,55302
2026-06-01,BGAUSS AUTO,3974
2026-06-01,DILLI ELECTRIC AUTO,1777
2026-06-01,ENERGY ELECTRIC VEHICLES,867
2026-06-01,HERO MOTOCORP,21918
2026-06-01,J. S. AUTO (P),1098
2026-06-01,KINETIC GREEN ENERGY AND POWER SOLUTIONS,593
2026-06-01,MAHINDRA AND MAHINDRA,21568
2026-06-01,MG MOTOR INDIA,6220
2026-06-01,MINI METRO EV L.L.P,1226
2026-06-01,OLA,16289
2026-06-01,PIAGGIO VEHICLES,1543
2026-06-01,RIVER MOBILITY,4479
2026-06-01,SAERA ELECTRIC AUTO,1639
2026-06-01,TATA MOTORS,14069
2026-06-01,TVS MOTOR,51522
2026-06-01,UNIQUE INTERNATIONAL EV,724
2026-06-01,YC ELECTRIC VEHICLE,2362
2026-07-01,AMPERE VEHICLES,10138
2026-07-01,ATHER ENERGY,30665
2026-07-01,BAJAJ AUTO,59991
2026-07-01,BGAUSS AUTO,5560
2026-07-01,DILLI ELECTRIC AUTO,1848
2026-07-01,ENERGY ELECTRIC VEHICLES,994
2026-07-01,HERO MOTOCORP,22997
2026-07-01,J. S. AUTO (P),1341
2026-07-01,KINETIC GREEN ENERGY AND POWER SOLUTIONS,728
2026-07-01,MAHINDRA AND MAHINDRA,22887
2026-07-01,MG MOTOR INDIA,5956
2026-07-01,MINI METRO EV L.L.P,1580
2026-07-01,OLA,14235
2026-07-01,PIAGGIO VEHICLES,1578
2026-07-01,RIVER MOBILITY,6035
2026-07-01,SAERA ELECTRIC AUTO,1817
2026-07-01,TATA MOTORS,15756
2026-07-01,TVS MOTOR,60659
2026-07-01,UNIQUE INTERNATIONAL EV,890
2026-07-01,YC ELECTRIC VEHICLE,2390
2026-08-01,AMPERE VEHICLES,8620
2026-08-01,ATHER ENERGY,28952
2026-08-01,BAJAJ AUTO,55524
2026-08-01,BGAUSS AUTO,5044
2026-08-01,DILLI ELECTRIC AUTO,1785
2026-08-01,ENERGY ELECTRIC VEHICLES,926
2026-08-01,HERO MOTOCORP,19076
2026-08-01,J. S. AUTO (P),1286
2026-08-01,KINETIC GREEN ENERGY AND POWER SOLUTIONS,360
2026-08-01,MAHINDRA AND MAHINDRA,20044
2026-08-01,MG MOTOR INDIA,4839
2026-08-01,MINI METRO EV L.L.P,1329
2026-08-01,OLA,13926
2026-08-01,PIAGGIO VEHICLES,1546
2026-08-01,RIVER MOBILITY,5187
2026-08-01,SAERA ELECTRIC AUTO,1702
2026-08-01,TATA MOTORS,15048
2026-08-01,TVS MOTOR,53782
2026-08-01,UNIQUE INTERNATIONAL EV,809
2026-08-01,YC ELECTRIC VEHICLE,2215
2026-09-01,AMPERE VEHICLES,3839
2026-09-01,ATHER ENERGY,12636
2026-09-01,BAJAJ AUTO,26752
2026-09-01,BGAUSS AUTO,2020
2026-09-01,DILLI ELECTRIC AUTO,658
2026-09-01,ENERGY ELECTRIC VEHICLES,456
2026-09-01,HERO MOTOCORP,10340
2026-09-01,J. S. AUTO (P),589
2026-09-01,KINETIC GREEN ENERGY AND POWER SOLUTIONS,157
2026-09-01,MAHINDRA AND MAHINDRA,9280
2026-09-01,MG MOTOR INDIA,2172
2026-09-01,MINI METRO EV L.L.P,603
2026-09-01,OLA,4237
2026-09-01,PIAGGIO VEHICLES,628
2026-09-01,RIVER MOBILITY,2630
2026-09-01,SAERA ELECTRIC AUTO,775
2026-09-01,TATA MOTORS,6235
2026-09-01,TVS MOTOR,25562
2026-09-01,UNIQUE INTERNATIONAL EV,419
2026-09-01,YC ELECTRIC VEHICLE,924
