month,vehicle_segment,ev_registrations
2018-01-01,2W,178
2018-01-01,3W,8572
2018-01-01,4W,67
2018-01-01,Construction Equipment,47
2018-01-01,LCV,112
2018-01-01,M&HCV,1
2018-01-01,Small Buses,29
2018-01-01,Tractors,2
2018-02-01,2W,172
2018-02-01,3W,6905
2018-02-01,4W,119
2018-02-01,Buses,11
2018-02-01,Construction Equipment,42
2018-02-01,LCV,69
2018-02-01,Small Buses,74
2018-03-01,2W,505
2018-03-01,3W,7007
2018-03-01,4W,93
2018-03-01,Buses,10
2018-03-01,Construction Equipment,35
2018-03-01,LCV,80
2018-03-01,Small Buses,12
2018-04-01,2W,509
2018-04-01,3W,6594
2018-04-01,4W,106
2018-04-01,Buses,9
2018-04-01,Construction Equipment,33
2018-04-01,LCV,65
2018-04-01,Small Buses,58
2018-05-01,2W,720
2018-05-01,3W,7284
2018-05-01,4W,151
2018-05-01,Buses,2
2018-05-01,Construction Equipment,38
2018-05-01,LCV,87
2018-05-01,M&HCV,1
2018-05-01,Small Buses,65
2018-05-01,Tractors,2
2018-06-01,2W,1026
2018-06-01,3W,7559
2018-06-01,4W,122
2018-06-01,Buses,1
2018-06-01,Construction Equipment,31
2018-06-01,LCV,78
2018-06-01,Small Buses,88
2018-06-01,Tractors,2
2018-07-01,2W,1321
2018-07-01,3W,9848
2018-07-01,4W,93
2018-07-01,Construction Equipment,59
2018-07-01,LCV,97
2018-07-01,M&HCV,3
2018-07-01,Small Buses,87
2018-07-01,Tractors,1
2018-08-01,2W,1643
2018-08-01,3W,9992
2018-08-01,4W,67
2018-08-01,Construction Equipment,32
2018-08-01,LCV,81
2018-08-01,Small Buses,47
2018-08-01,Tractors,3
2018-09-01,2W,2375
2018-09-01,3W,11135
2018-09-01,4W,94
2018-09-01,Buses,5
2018-09-01,Construction Equipment,30
2018-09-01,LCV,33
2018-09-01,Small Buses,46
2018-10-01,2W,2664
2018-10-01,3W,12306
2018-10-01,4W,66
2018-10-01,Buses,1
2018-10-01,Construction Equipment,33
2018-10-01,LCV,15
2018-10-01,Small Buses,20
2018-11-01,2W,3462
2018-11-01,3W,10524
2018-11-01,4W,124
2018-11-01,Buses,7
2018-11-01,Construction Equipment,19
2018-11-01,LCV,16
2018-11-01,Small Buses,76
2018-11-01,Tractors,1
2018-12-01,2W,3258
2018-12-01,3W,12523
2018-12-01,4W,119
2018-12-01,Buses,6
2018-12-01,Construction Equipment,52
2018-12-01,LCV,27
2018-12-01,M&HCV,1
2018-12-01,Small Buses,12
2019-01-01,2W,2789
2019-01-01,3W,10546
2019-01-01,4W,63
2019-01-01,Buses,36
2019-01-01,Construction Equipment,10
2019-01-01,LCV,11
2019-01-01,Small Buses,11
2019-02-01,2W,3208
2019-02-01,3W,8792
2019-02-01,4W,159
2019-02-01,Buses,43
2019-02-01,Construction Equipment,48
2019-02-01,LCV,2
2019-02-01,Small Buses,72
2019-03-01,2W,5953
2019-03-01,3W,9013
2019-03-01,4W,161
2019-03-01,Buses,6
2019-03-01,Construction Equipment,41
2019-03-01,LCV,1
2019-03-01,Small Buses,81
2019-04-01,2W,3151
2019-04-01,3W,7896
2019-04-01,4W,123
2019-04-01,Buses,33
2019-04-01,Construction Equipment,65
2019-04-01,LCV,3
2019-04-01,Small Buses,29
2019-05-01,2W,1715
2019-05-01,3W,8265
2019-05-01,4W,116
2019-05-01,Buses,55
2019-05-01,Construction Equipment,41
2019-05-01,LCV,2
2019-05-01,Small Buses,21
2019-06-01,2W,1783
2019-06-01,3W,9199
2019-06-01,4W,36
2019-06-01,Buses,30
2019-06-01,Construction Equipment,127
2019-06-01,LCV,3
2019-06-01,Small Buses,24
2019-07-01,2W,1606
2019-07-01,3W,10758
2019-07-01,4W,75
2019-07-01,Buses,35
2019-07-01,Construction Equipment,13
2019-07-01,LCV,5
2019-07-01,Small Buses,47
2019-08-01,2W,1543
2019-08-01,3W,11542
2019-08-01,4W,128
2019-08-01,Buses,80
2019-08-01,Construction Equipment,30
2019-08-01,LCV,13
2019-08-01,Small Buses,21
2019-09-01,2W,1590
2019-09-01,3W,14349
2019-09-01,4W,83
2019-09-01,Buses,33
2019-09-01,Construction Equipment,34
2019-09-01,LCV,1
2019-09-01,Small Buses,114
2019-10-01,2W,2167
2019-10-01,3W,13263
2019-10-01,4W,120
2019-10-01,Buses,82
2019-10-01,Construction Equipment,44
2019-10-01,LCV,1
2019-10-01,Small Buses,113
2019-10-01,Tractors,1
2019-11-01,2W,3191
2019-11-01,3W,15551
2019-11-01,4W,98
2019-11-01,Buses,50
2019-11-01,Construction Equipment,46
2019-11-01,LCV,2
2019-11-01,Small Buses,135
2019-12-01,2W,2309
2019-12-01,3W,14458
2019-12-01,4W,101
2019-12-01,Buses,51
2019-12-01,Construction Equipment,202
2019-12-01,LCV,19
2019-12-01,Small Buses,50
2020-01-01,2W,2972
2020-01-01,3W,13594
2020-01-01,4W,109
2020-01-01,Buses,9
2020-01-01,Construction Equipment,61
2020-01-01,LCV,1
2020-01-01,Small Buses,209
2020-02-01,2W,2385
2020-02-01,3W,13641
2020-02-01,4W,128
2020-02-01,Buses,19
2020-02-01,Construction Equipment,81
2020-02-01,LCV,4
2020-02-01,Small Buses,387
2020-03-01,2W,2950
2020-03-01,3W,10709
2020-03-01,4W,285
2020-03-01,Buses,7
2020-03-01,Construction Equipment,40
2020-03-01,LCV,3
2020-03-01,Small Buses,176
2020-04-01,2W,85
2020-04-01,3W,871
2020-04-01,4W,2
2020-04-01,Construction Equipment,17
2020-04-01,Small Buses,1
2020-05-01,2W,574
2020-05-01,3W,668
2020-05-01,4W,65
2020-05-01,Buses,1
2020-05-01,Small Buses,22
2020-06-01,2W,1634
2020-06-01,3W,4666
2020-06-01,4W,258
2020-06-01,Construction Equipment,16
2020-06-01,Small Buses,55
2020-07-01,2W,1553
2020-07-01,3W,5873
2020-07-01,4W,365
2020-07-01,Construction Equipment,78
2020-07-01,LCV,1
2020-07-01,Small Buses,7
2020-08-01,2W,2248
2020-08-01,3W,5940
2020-08-01,4W,389
2020-08-01,Construction Equipment,130
2020-08-01,Small Buses,7
2020-09-01,2W,3262
2020-09-01,3W,7748
2020-09-01,4W,339
2020-09-01,Buses,1
2020-09-01,Construction Equipment,172
2020-09-01,LCV,11
2020-09-01,Small Buses,17
2020-10-01,2W,3045
2020-10-01,3W,7949
2020-10-01,4W,473
2020-10-01,Buses,8
2020-10-01,Construction Equipment,80
2020-10-01,LCV,1
2020-10-01,Small Buses,7
2020-11-01,2W,4328
2020-11-01,3W,8548
2020-11-01,4W,553
2020-11-01,Buses,35
2020-11-01,Construction Equipment,54
2020-11-01,LCV,1
2020-11-01,Small Buses,36
2020-12-01,2W,5107
2020-12-01,3W,10256
2020-12-01,4W,521
2020-12-01,Buses,10
2020-12-01,Construction Equipment,125
2020-12-01,LCV,3
2020-12-01,Small Buses,20
2020-12-01,Tractors,1
2021-01-01,2W,5502
2021-01-01,3W,10954
2021-01-01,4W,615
2021-01-01,Buses,39
2021-01-01,Construction Equipment,75
2021-01-01,LCV,4
2021-01-01,Small Buses,73
2021-02-01,2W,6916
2021-02-01,3W,12602
2021-02-01,4W,647
2021-02-01,Buses,186
2021-02-01,Construction Equipment,113
2021-02-01,LCV,11
2021-02-01,Small Buses,31
2021-03-01,2W,12663
2021-03-01,3W,15071
2021-03-01,4W,880
2021-03-01,Buses,95
2021-03-01,Construction Equipment,193
2021-03-01,LCV,23
2021-03-01,Small Buses,88
2021-04-01,2W,6185
2021-04-01,3W,8003
2021-04-01,4W,694
2021-04-01,Buses,155
2021-04-01,Construction Equipment,134
2021-04-01,LCV,447
2021-04-01,Small Buses,24
2021-05-01,2W,1361
2021-05-01,3W,1948
2021-05-01,4W,277
2021-05-01,Buses,84
2021-05-01,Construction Equipment,61
2021-05-01,LCV,5
2021-05-01,Small Buses,1
2021-06-01,2W,5018
2021-06-01,3W,6353
2021-06-01,4W,852
2021-06-01,Buses,70
2021-06-01,Construction Equipment,196
2021-06-01,LCV,225
2021-06-01,Small Buses,18
2021-07-01,2W,15453
2021-07-01,3W,11981
2021-07-01,4W,1172
2021-07-01,Buses,49
2021-07-01,Construction Equipment,303
2021-07-01,LCV,143
2021-07-01,Small Buses,54
2021-08-01,2W,16804
2021-08-01,3W,13434
2021-08-01,4W,1180
2021-08-01,Buses,80
2021-08-01,Construction Equipment,167
2021-08-01,LCV,98
2021-08-01,Small Buses,20
2021-09-01,2W,18974
2021-09-01,3W,17064
2021-09-01,4W,1273
2021-09-01,Buses,79
2021-09-01,Construction Equipment,162
2021-09-01,LCV,39
2021-09-01,Small Buses,140
2021-09-01,Tractors,1
2021-10-01,2W,21793
2021-10-01,3W,18569
2021-10-01,4W,1369
2021-10-01,Buses,84
2021-10-01,Construction Equipment,130
2021-10-01,LCV,42
2021-10-01,Small Buses,122
2021-10-01,Tractors,3
2021-11-01,2W,25740
2021-11-01,3W,18769
2021-11-01,4W,1699
2021-11-01,Buses,34
2021-11-01,Construction Equipment,131
2021-11-01,LCV,53
2021-11-01,Small Buses,27
2021-12-01,2W,27833
2021-12-01,3W,24192
2021-12-01,4W,2611
2021-12-01,Buses,220
2021-12-01,Construction Equipment,126
2021-12-01,LCV,30
2021-12-01,Small Buses,140
2022-01-01,2W,31602
2022-01-01,3W,19610
2022-01-01,4W,1462
2022-01-01,Buses,128
2022-01-01,Construction Equipment,79
2022-01-01,LCV,28
2022-01-01,Small Buses,204
2022-01-01,Tractors,1
2022-02-01,2W,37834
2022-02-01,3W,19764
2022-02-01,4W,2427
2022-02-01,Buses,133
2022-02-01,Construction Equipment,96
2022-02-01,LCV,24
2022-02-01,Small Buses,144
2022-03-01,2W,57043
2022-03-01,3W,24689
2022-03-01,4W,3860
2022-03-01,Buses,78
2022-03-01,Construction Equipment,219
2022-03-01,LCV,47
2022-03-01,Small Buses,67
2022-04-01,2W,56139
2022-04-01,3W,21716
2022-04-01,4W,2000
2022-04-01,Buses,165
2022-04-01,Construction Equipment,133
2022-04-01,LCV,59
2022-04-01,Small Buses,450
2022-05-01,2W,44538
2022-05-01,3W,24192
2022-05-01,4W,2473
2022-05-01,Buses,165
2022-05-01,Construction Equipment,215
2022-05-01,LCV,43
2022-05-01,Small Buses,680
2022-05-01,Tractors,1
2022-06-01,2W,46528
2022-06-01,3W,27989
2022-06-01,4W,3124
2022-06-01,Buses,145
2022-06-01,Construction Equipment,192
2022-06-01,LCV,71
2022-06-01,Small Buses,276
2022-07-01,2W,48695
2022-07-01,3W,30548
2022-07-01,4W,3204
2022-07-01,Buses,207
2022-07-01,Construction Equipment,111
2022-07-01,LCV,40
2022-07-01,Small Buses,457
2022-08-01,2W,54862
2022-08-01,3W,33195
2022-08-01,4W,3137
2022-08-01,Buses,227
2022-08-01,Construction Equipment,75
2022-08-01,LCV,53
2022-08-01,Small Buses,452
2022-09-01,2W,56192
2022-09-01,3W,37519
2022-09-01,4W,3481
2022-09-01,Buses,204
2022-09-01,Construction Equipment,394
2022-09-01,LCV,52
2022-09-01,M&HCV,12
2022-09-01,Small Buses,318
2022-10-01,2W,80011
2022-10-01,3W,36027
2022-10-01,4W,3619
2022-10-01,Buses,241
2022-10-01,Construction Equipment,113
2022-10-01,LCV,49
2022-10-01,M&HCV,4
2022-10-01,Small Buses,607
2022-11-01,2W,80390
2022-11-01,3W,40771
2022-11-01,4W,3897
2022-11-01,Buses,117
2022-11-01,Construction Equipment,195
2022-11-01,LCV,86
2022-11-01,Small Buses,424
2022-11-01,Tractors,2
2022-12-01,2W,67871
2022-12-01,3W,35790
2022-12-01,4W,3319
2022-12-01,Buses,151
2022-12-01,Construction Equipment,674
2022-12-01,LCV,108
2022-12-01,M&HCV,10
2022-12-01,Small Buses,916
2023-01-01,2W,67819
2023-01-01,3W,34542
2023-01-01,4W,3428
2023-01-01,Buses,97
2023-01-01,Construction Equipment,169
2023-01-01,LCV,95
2023-01-01,M&HCV,42
2023-01-01,Small Buses,471
2023-02-01,2W,69180
2023-02-01,3W,36238
2023-02-01,4W,4798
2023-02-01,Buses,98
2023-02-01,Construction Equipment,76
2023-02-01,LCV,141
2023-02-01,M&HCV,24
2023-02-01,Small Buses,394
2023-03-01,2W,89630
2023-03-01,3W,45492
2023-03-01,4W,7697
2023-03-01,Buses,99
2023-03-01,Construction Equipment,10
2023-03-01,LCV,73
2023-03-01,M&HCV,185
2023-03-01,Small Buses,1665
2023-03-01,Tractors,5
2023-04-01,2W,70243
2023-04-01,3W,38244
2023-04-01,4W,6115
2023-04-01,Buses,85
2023-04-01,Construction Equipment,1
2023-04-01,LCV,254
2023-04-01,M&HCV,63
2023-04-01,Small Buses,623
2023-05-01,2W,111358
2023-05-01,3W,44764
2023-05-01,4W,7618
2023-05-01,Buses,290
2023-05-01,Construction Equipment,11
2023-05-01,LCV,227
2023-05-01,M&HCV,8
2023-05-01,Small Buses,869
2023-06-01,2W,47899
2023-06-01,3W,48189
2023-06-01,4W,7808
2023-06-01,Buses,208
2023-06-01,Construction Equipment,12
2023-06-01,LCV,231
2023-06-01,M&HCV,6
2023-06-01,Small Buses,1011
2023-06-01,Tractors,3
2023-07-01,2W,57281
2023-07-01,3W,53949
2023-07-01,4W,7673
2023-07-01,Buses,143
2023-07-01,LCV,231
2023-07-01,M&HCV,19
2023-07-01,Small Buses,849
2023-08-01,2W,65860
2023-08-01,3W,56987
2023-08-01,4W,6799
2023-08-01,Buses,269
2023-08-01,LCV,299
2023-08-01,M&HCV,12
2023-08-01,Small Buses,713
2023-09-01,2W,66982
2023-09-01,3W,57550
2023-09-01,4W,6190
2023-09-01,Buses,286
2023-09-01,LCV,271
2023-09-01,M&HCV,43
2023-09-01,Small Buses,597
2023-10-01,2W,78147
2023-10-01,3W,57156
2023-10-01,4W,6823
2023-10-01,Buses,239
2023-10-01,Construction Equipment,7
2023-10-01,LCV,365
2023-10-01,M&HCV,4
2023-10-01,Small Buses,1158
2023-11-01,2W,96096
2023-11-01,3W,54075
2023-11-01,4W,7471
2023-11-01,Buses,268
2023-11-01,LCV,287
2023-11-01,M&HCV,19
2023-11-01,Small Buses,411
2023-12-01,2W,80840
2023-12-01,3W,57863
2023-12-01,4W,7513
2023-12-01,Buses,577
2023-12-01,Construction Equipment,2
2023-12-01,LCV,261
2023-12-01,M&HCV,16
2023-12-01,Small Buses,499
2024-01-01,2W,86553
2024-01-01,3W,53626
2024-01-01,4W,7577
2024-01-01,Buses,549
2024-01-01,Construction Equipment,4
2024-01-01,LCV,419
2024-01-01,M&HCV,21
2024-01-01,Small Buses,1453
2024-02-01,2W,89148
2024-02-01,3W,50736
2024-02-01,4W,7265
2024-02-01,Buses,345
2024-02-01,Construction Equipment,6
2024-02-01,LCV,508
2024-02-01,M&HCV,28
2024-02-01,Small Buses,666
2024-02-01,Tractors,1
2024-03-01,2W,149392
2024-03-01,3W,61250
2024-03-01,4W,8436
2024-03-01,Buses,497
2024-03-01,LCV,1709
2024-03-01,M&HCV,44
2024-03-01,Small Buses,1991
2024-03-01,Tractors,1
2024-04-01,2W,67477
2024-04-01,3W,42288
2024-04-01,4W,7978
2024-04-01,Buses,240
2024-04-01,LCV,289
2024-04-01,Small Buses,184
2024-04-01,Tractors,4
2024-05-01,2W,81424
2024-05-01,3W,55075
2024-05-01,4W,7897
2024-05-01,Buses,262
2024-05-01,Construction Equipment,1
2024-05-01,LCV,289
2024-05-01,M&HCV,50
2024-05-01,Small Buses,539
2024-05-01,Tractors,1
2024-06-01,2W,85075
2024-06-01,3W,52941
2024-06-01,4W,6987
2024-06-01,Buses,139
2024-06-01,LCV,386
2024-06-01,M&HCV,3
2024-06-01,Small Buses,680
2024-06-01,Tractors,2
2024-07-01,2W,115877
2024-07-01,3W,64266
2024-07-01,4W,7897
2024-07-01,Buses,460
2024-07-01,Construction Equipment,1
2024-07-01,LCV,381
2024-07-01,M&HCV,4
2024-07-01,Small Buses,453
2024-07-01,Tractors,1
2024-08-01,2W,93405
2024-08-01,3W,61034
2024-08-01,4W,6443
2024-08-01,Buses,247
2024-08-01,Construction Equipment,1
2024-08-01,LCV,415
2024-08-01,M&HCV,22
2024-08-01,Small Buses,664
2024-08-01,Tractors,1
2024-09-01,2W,96068
2024-09-01,3W,63217
2024-09-01,4W,5781
2024-09-01,Buses,512
2024-09-01,LCV,463
2024-09-01,M&HCV,11
2024-09-01,Small Buses,710
2024-10-01,2W,144938
2024-10-01,3W,67443
2024-10-01,4W,10877
2024-10-01,Buses,443
2024-10-01,LCV,480
2024-10-01,M&HCV,15
2024-10-01,Small Buses,911
2024-10-01,Tractors,2
2024-11-01,2W,126930
2024-11-01,3W,63762
2024-11-01,4W,9362
2024-11-01,Buses,200
2024-11-01,LCV,399
2024-11-01,M&HCV,15
2024-11-01,Small Buses,443
2024-11-01,Tractors,7
2024-12-01,2W,77935
2024-12-01,3W,59632
2024-12-01,4W,9455
2024-12-01,Buses,320
2024-12-01,LCV,497
2024-12-01,M&HCV,31
2024-12-01,Small Buses,558
2025-01-01,2W,102498
2025-01-01,3W,60223
2025-01-01,4W,12236
2025-01-01,Buses,472
2025-01-01,Construction Equipment,36
2025-01-01,LCV,583
2025-01-01,M&HCV,22
2025-01-01,Small Buses,1093
2025-01-01,Tractors,1
2025-02-01,2W,80521
2025-02-01,3W,53347
2025-02-01,4W,9769
2025-02-01,Buses,365
2025-02-01,Construction Equipment,60
2025-02-01,LCV,490
2025-02-01,M&HCV,11
2025-02-01,Small Buses,709
2025-02-01,Tractors,1
2025-03-01,2W,138409
2025-03-01,3W,59786
2025-03-01,4W,13793
2025-03-01,Buses,354
2025-03-01,Construction Equipment,8
2025-03-01,LCV,669
2025-03-01,M&HCV,37
2025-03-01,Small Buses,596
2025-03-01,Tractors,4
2025-04-01,2W,96429
2025-04-01,3W,62711
2025-04-01,4W,14359
2025-04-01,Buses,286
2025-04-01,LCV,631
2025-04-01,M&HCV,21
2025-04-01,Small Buses,413
2025-04-01,Tractors,9
2025-05-01,2W,104874
2025-05-01,3W,66204
2025-05-01,4W,14097
2025-05-01,Buses,376
2025-05-01,Construction Equipment,18
2025-05-01,LCV,681
2025-05-01,M&HCV,38
2025-05-01,Small Buses,570
2025-05-01,Tractors,3
2025-06-01,2W,110717
2025-06-01,3W,60805
2025-06-01,4W,14782
2025-06-01,Buses,569
2025-06-01,Construction Equipment,8
2025-06-01,LCV,637
2025-06-01,M&HCV,12
2025-06-01,Small Buses,532
2025-06-01,Tractors,3
2025-07-01,2W,108475
2025-07-01,3W,69493
2025-07-01,4W,17412
2025-07-01,Buses,403
2025-07-01,Construction Equipment,39
2025-07-01,LCV,899
2025-07-01,M&HCV,17
2025-07-01,Small Buses,513
2025-07-01,Tractors,4
2025-08-01,2W,109646
2025-08-01,3W,63754
2025-08-01,4W,19581
2025-08-01,Buses,439
2025-08-01,Construction Equipment,18
2025-08-01,LCV,1119
2025-08-01,M&HCV,73
2025-08-01,Small Buses,551
2025-08-01,Tractors,7
2025-09-01,2W,109845
2025-09-01,3W,61456
2025-09-01,4W,17891
2025-09-01,Buses,353
2025-09-01,LCV,1221
2025-09-01,M&HCV,48
2025-09-01,Small Buses,590
2025-09-01,Tractors,43
2025-10-01,2W,150853
2025-10-01,3W,71007
2025-10-01,4W,20498
2025-10-01,Buses,331
2025-10-01,LCV,1420
2025-10-01,M&HCV,131
2025-10-01,Small Buses,425
2025-10-01,Tractors,131
2025-11-01,2W,124931
2025-11-01,3W,84178
2025-11-01,4W,17205
2025-11-01,Buses,434
2025-11-01,Construction Equipment,2
2025-11-01,LCV,1234
2025-11-01,M&HCV,100
2025-11-01,Small Buses,370
2025-11-01,Tractors,14
2025-12-01,2W,104709
2025-12-01,3W,88709
2025-12-01,4W,17316
2025-12-01,Buses,578
2025-12-01,Construction Equipment,7
2025-12-01,LCV,1369
2025-12-01,M&HCV,74
2025-12-01,Small Buses,425
2025-12-01,Tractors,3
2026-01-01,2W,129235
2026-01-01,3W,76052
2026-01-01,4W,21154
2026-01-01,Buses,427
2026-01-01,LCV,1548
2026-01-01,M&HCV,144
2026-01-01,Small Buses,462
2026-01-01,Tractors,3
2026-02-01,2W,118388
2026-02-01,3W,66695
2026-02-01,4W,15923
2026-02-01,Buses,658
2026-02-01,LCV,1382
2026-02-01,M&HCV,125
2026-02-01,Small Buses,543
2026-02-01,Tractors,8
2026-03-01,2W,201677
2026-03-01,3W,63857
2026-03-01,4W,25628
2026-03-01,Buses,560
2026-03-01,Construction Equipment,4
2026-03-01,LCV,1882
2026-03-01,M&HCV,63
2026-03-01,Small Buses,533
2026-03-01,Tractors,3
2026-04-01,2W,157816
2026-04-01,3W,65163
2026-04-01,4W,25408
2026-04-01,Buses,347
2026-04-01,Construction Equipment,2
2026-04-01,LCV,1887
2026-04-01,M&HCV,80
2026-04-01,Small Buses,835
2026-04-01,Tractors,5
2026-05-01,2W,172788
2026-05-01,3W,72756
2026-05-01,4W,27748
2026-05-01,Buses,382
2026-05-01,Construction Equipment,2
2026-05-01,LCV,2037
2026-05-01,M&HCV,93
2026-05-01,Small Buses,807
2026-05-01,Tractors,1
2026-06-01,2W,195141
2026-06-01,3W,78419
2026-06-01,4W,32611
2026-06-01,Buses,735
2026-06-01,LCV,2508
2026-06-01,M&HCV,113
2026-06-01,Small Buses,1129
2026-06-01,Tractors,10
2026-07-01,2W,205739
2026-07-01,3W,88321
2026-07-01,4W,33373
2026-07-01,Buses,577
2026-07-01,LCV,2879
2026-07-01,M&HCV,205
2026-07-01,Small Buses,1309
2026-07-01,Tractors,141
2026-08-01,2W,184208
2026-08-01,3W,80683
2026-08-01,4W,29722
2026-08-01,Buses,913
2026-08-01,LCV,3006
2026-08-01,M&HCV,825
2026-08-01,Small Buses,2181
2026-08-01,Tractors,12
2026-09-01,2W,86104
2026-09-01,3W,35518
2026-09-01,4W,13239
2026-09-01,Buses,336
2026-09-01,LCV,1194
2026-09-01,M&HCV,55
2026-09-01,Small Buses,1181
2026-09-01,Tractors,6
