sector,sub_sector,title,state,district,project_start_date,project_completion_date,promoter_type,project_status,cost_usd_mn,project_url
Automotive,Components,Non NIP worklist rejection,Offshore,,2025-03-24,2025-12-31,State PSU/ State Nodal Agency,DPR/Feasibility Study,42.88,https://indiainvestmentgrid.gov.in/opportunities/project/617223
Automotive,Manufacturing,Infra,,,2025-12-02,2025-12-16,State Government/Union Territories,Tender Publish,293.48,https://indiainvestmentgrid.gov.in/opportunities/project/618990
Energy Storage,Oil/Gas/LNG Storage,Trombay Lube Facilities Upgradation Project,Maharashtra,"Mumbai, Mumbai Suburban",2009-01-30,2020-12-31,Central PSU,Completion Certificate/COD,17.21,https://indiainvestmentgrid.gov.in/opportunities/nip-project/701317
Energy Storage,Oil/Gas/LNG Storage,Paharpur Lube Facilities Upgradation Project,West Bengal,Bankura,2012-05-28,2018-12-31,Central PSU,Completion Certificate/COD,19.21,https://indiainvestmentgrid.gov.in/opportunities/nip-project/701311
Energy Storage,Oil/Gas/LNG Storage,Multi Product Pipeline from Irugur to Devangonthi,"Karnataka, Tamil Nadu","Bengaluru Rural, Karnataka",2012-11-09,2026-09-30,Central PSU,Notice to Proceed,217.78,https://indiainvestmentgrid.gov.in/opportunities/nip-project/400301
Energy Storage,Oil/Gas/LNG Storage,"Grass Root LPG Import facility at Cochin, Kerala",Kerala,Ernakulam,2012-12-17,2022-12-31,Central Government,Completion Certificate/COD,155.41,https://indiainvestmentgrid.gov.in/opportunities/nip-project/604807
Energy Storage,Oil/Gas/LNG Storage,HPLNG LNG Regassification Terminal at Chhara Port,Gujarat,Gir Somnath,2013-03-05,2025-01-30,Central Government,Completion Certificate/COD,602.55,https://indiainvestmentgrid.gov.in/opportunities/nip-project/701273
Energy Storage,Oil/Gas/LNG Storage,"Paradip petrochemicals phase-I, Polypropylene project",Odisha,"Paradip, Jagatsinghpur",2014-03-20,2019-07-14,Central PSU,Completion Certificate/COD,396.08,https://indiainvestmentgrid.gov.in/opportunities/nip-project/604861
Energy Storage,Oil/Gas/LNG Storage,New Bottling Plant at Gorakhpur,Uttar Pradesh,Gorakhpur,2014-03-21,2019-09-17,Central PSU,Completion Certificate/COD,25.69,https://indiainvestmentgrid.gov.in/opportunities/nip-project/604812
Energy Storage,Oil/Gas/LNG Storage,H-Energy Gateway LNG Terminal,Maharashtra,,2014-05-27,2021-07-29,Private Sector,Not Applicable,716.72,https://indiainvestmentgrid.gov.in/opportunities/project/400303
Energy Storage,Oil/Gas/LNG Storage,Propelene Derivatives Petrochemical Project [PDPP],Kerala,Ernakulam,2014-12-03,2019-08-31,Central PSU,Completion Certificate/COD,659.63,https://indiainvestmentgrid.gov.in/opportunities/nip-project/604788
Energy Storage,Oil/Gas/LNG Storage,Augmentation of Paradip - Haldia - Durgapur LPG Pipeline and its extension up to Patna and Muzaffarpur,"Bihar, Jharkhand, West Bengal, Odisha","Nalanda, Bihar",2015-01-29,2023-02-28,Central PSU,Completion Certificate/COD,380.73,https://indiainvestmentgrid.gov.in/opportunities/nip-project/701291
Energy Storage,Oil/Gas/LNG Storage,"LPG Import Facility at Paradip,  Odisha",Odisha,Jagatsinghpur,2015-01-29,2022-03-31,Central PSU,Completion Certificate/COD,86.76,https://indiainvestmentgrid.gov.in/opportunities/nip-project/701321
Energy Storage,Oil/Gas/LNG Storage,"HSD Tanks [3], Paradip at PHPL, Refinery Portion",Odisha,"Paradip, Jagatsinghpur",2015-01-29,2021-01-31,Central PSU,Completion Certificate/COD,17.1,https://indiainvestmentgrid.gov.in/opportunities/nip-project/701281
Energy Storage,Oil/Gas/LNG Storage,Fuel Quality Improvement Project,Tamil Nadu,"Chennai, Tiruvallur",2015-09-07,2021-01-13,Central PSU,Completion Certificate/COD,233.62,https://indiainvestmentgrid.gov.in/opportunities/nip-project/604793
Energy Storage,Oil/Gas/LNG Storage,Mumbai Refinery Expansion Project [MREP],Maharashtra,Mumbai City,2015-09-29,2021-06-30,Central PSU,Completion Certificate/COD,636.24,https://indiainvestmentgrid.gov.in/opportunities/nip-project/602240
Energy Storage,Oil/Gas/LNG Storage,"Fuel Quality Upgradation Project, Gujarat",Gujarat,Vadodara,2016-02-12,2019-06-08,Central PSU,Completion Certificate/COD,165.35,https://indiainvestmentgrid.gov.in/opportunities/nip-project/604802
Energy Storage,Oil/Gas/LNG Storage,"BS-VI Project, Mathura",Uttar Pradesh,Mathura,2016-02-12,2020-01-29,Central PSU,Completion Certificate/COD,83.82,https://indiainvestmentgrid.gov.in/opportunities/nip-project/604801
Energy Storage,Oil/Gas/LNG Storage,Branch Pipeline from Panipat Ambala Jalandhar [PAJ] To Una,"Himachal Pradesh, Punjab","Una, Himachal Pradesh",2016-02-12,2019-06-07,Central PSU,Completion Certificate/COD,18.99,https://indiainvestmentgrid.gov.in/opportunities/nip-project/604806
Energy Storage,Oil/Gas/LNG Storage,Ahmednagar Additional Facilities Construction Project,Maharashtra,Ahmednagar,2016-05-27,2021-09-30,Central PSU,Completion Certificate/COD,34.33,https://indiainvestmentgrid.gov.in/opportunities/nip-project/701307
Energy Storage,Oil/Gas/LNG Storage,Manmad Facilities Upgradation Project,Maharashtra,"Manmad, Nashik",2016-05-27,2021-08-31,Central PSU,Completion Certificate/COD,27.79,https://indiainvestmentgrid.gov.in/opportunities/nip-project/701312
Energy Storage,Oil/Gas/LNG Storage,"Moinarband , Cachar & Assam Facilities Upgradation Project.",Assam,Cachar,2016-05-27,2021-05-10,Central PSU,Completion Certificate/COD,63.12,https://indiainvestmentgrid.gov.in/opportunities/nip-project/701315
Energy Storage,Oil/Gas/LNG Storage,Paradip Refinery Additional Crude Tanks Development Project,Odisha,"Paradip, Jagatsinghpur",2016-05-27,2020-08-31,Central PSU,Completion Certificate/COD,53.94,https://indiainvestmentgrid.gov.in/opportunities/nip-project/701280
Energy Storage,Oil/Gas/LNG Storage,Solapur Facilities Upgradation Project,Maharashtra,Solapur,2016-05-27,2022-12-31,Central PSU,Completion Certificate/COD,54.95,https://indiainvestmentgrid.gov.in/opportunities/nip-project/701316
Energy Storage,Oil/Gas/LNG Storage,New Bottling Plant  at Jabalpur,Madhya Pradesh,Jabalpur,2016-06-14,2020-08-31,Central PSU,Completion Certificate/COD,18.46,https://indiainvestmentgrid.gov.in/opportunities/nip-project/604815
Energy Storage,Oil/Gas/LNG Storage,Construction of 60 TMTPA Bottling Plant at Addl. Butibori Industrial Area Nagpur,Maharashtra,Nagpur,2016-06-14,2020-11-30,Central PSU,Completion Certificate/COD,22.02,https://indiainvestmentgrid.gov.in/opportunities/nip-project/604817
Energy Storage,Oil/Gas/LNG Storage,"Construction of 60 TMTPA Bottling Plant at Bodhjungnagar, Nr. Agartala",Tripura,West,2016-06-14,2020-02-29,Central PSU,Completion Certificate/COD,18.04,https://indiainvestmentgrid.gov.in/opportunities/nip-project/604848
Energy Storage,Oil/Gas/LNG Storage,Construction of 60 TMTPA Bottling Plant at Ind. Area Ghirongi [Malanpur] Nr. Gwalior,Madhya Pradesh,Gwalior,2016-06-29,2019-10-31,Central PSU,Completion Certificate/COD,17.77,https://indiainvestmentgrid.gov.in/opportunities/nip-project/604818
Energy Storage,Oil/Gas/LNG Storage,Visakh Refinery Modernization Project,Andhra Pradesh,Visakhapatnam,2016-07-20,2025-02-01,Central PSU,Completion Certificate/COD,3850,https://indiainvestmentgrid.gov.in/opportunities/nip-project/701264
Energy Storage,Oil/Gas/LNG Storage,Pune POL Depot Construction  Project,Maharashtra,Pune,2016-08-31,2020-08-31,Central PSU,Completion Certificate/COD,35.54,https://indiainvestmentgrid.gov.in/opportunities/nip-project/602012
Energy Storage,Oil/Gas/LNG Storage,Augmentation of 11 TMTPA plant to 60 TMTPA Plant at Trishundi,Uttar Pradesh,Sultanpur,2016-08-31,2020-01-31,Central PSU,Completion Certificate/COD,20.51,https://indiainvestmentgrid.gov.in/opportunities/nip-project/604820
Energy Storage,Oil/Gas/LNG Storage,"New Bottling Plant at Korba, Chhatisgarh",Chhattisgarh,Korba,2016-09-30,2020-12-31,Central PSU,Completion Certificate/COD,17.04,https://indiainvestmentgrid.gov.in/opportunities/nip-project/604821
Energy Storage,Oil/Gas/LNG Storage,60 TMTPA Grassroot LPG BP at Khorda near Bhubaneshwar,Odisha,Khordha,2016-12-02,2023-12-31,Central PSU,Notice to Proceed,22.52,https://indiainvestmentgrid.gov.in/opportunities/nip-project/604823
Energy Storage,Oil/Gas/LNG Storage,LNG terminal with FSRU by Swan LNG Pvt Ltd at Jafrabad,Gujarat,"Jafrabad, Amreli",2016-12-31,2023-12-31,Central PSU,Financial Closure,511.67,https://indiainvestmentgrid.gov.in/opportunities/nip-project/704661
Energy Storage,Oil/Gas/LNG Storage,New Bottling Plant at Sitarganj,Uttarakhand,Udham Singh Nagar,2017-02-16,2023-03-31,Central PSU,Completion Certificate/COD,20.13,https://indiainvestmentgrid.gov.in/opportunities/nip-project/604825
Energy Storage,Oil/Gas/LNG Storage,New LPG Bottling Plant at Kharagpur,West Bengal,Paschim Medinipur,2017-04-20,2022-10-31,Central PSU,Completion Certificate/COD,26.07,https://indiainvestmentgrid.gov.in/opportunities/nip-project/611887
Energy Storage,Oil/Gas/LNG Storage,HMEL Polymer addition projects,Punjab,Bathinda,2017-04-30,2022-04-20,Central PSU,Completion Certificate/COD,2880,https://indiainvestmentgrid.gov.in/opportunities/nip-project/701279
Energy Storage,Oil/Gas/LNG Storage,"Andheri Residential Towers, Mumbai",Maharashtra,Mumbai City,2017-06-27,2026-06-30,Central PSU,Notice to Proceed,49,https://indiainvestmentgrid.gov.in/opportunities/nip-project/604833
Energy Storage,Oil/Gas/LNG Storage,Construction of new Goregaon Residential Towers,Maharashtra,Mumbai Suburban,2017-06-27,2024-02-29,Central PSU,Notice to Proceed,14.23,https://indiainvestmentgrid.gov.in/opportunities/nip-project/604834
Energy Storage,Oil/Gas/LNG Storage,Mallavaram-Bhilwara-Bhopal-Vijaipur pipeline,"Andhra Pradesh, Madhya Pradesh, Rajasthan",Andhra Pradesh,2017-07-04,2018-09-05,Central Government,,912.24,https://indiainvestmentgrid.gov.in/opportunities/project/400355
Energy Storage,Oil/Gas/LNG Storage,Development of Coastal Terminal at Krishnapatnam,Andhra Pradesh,Nellore,2017-07-11,2022-12-31,Central PSU,Completion Certificate/COD,72.95,https://indiainvestmentgrid.gov.in/opportunities/project/400157
Energy Storage,Oil/Gas/LNG Storage,"Guntakal, AP Facilities Upgradation Project",Andhra Pradesh,Guntur,2017-08-03,2021-03-31,Central PSU,Completion Certificate/COD,48.36,https://indiainvestmentgrid.gov.in/opportunities/nip-project/701310
Energy Storage,Oil/Gas/LNG Storage,Baitalpur Depot Facilities Upgradation Project,Uttar Pradesh,Deoria,2017-08-03,2023-03-31,Central PSU,Completion Certificate/COD,40.09,https://indiainvestmentgrid.gov.in/opportunities/nip-project/701309
Energy Storage,Oil/Gas/LNG Storage,Ratlam Terminal Facilities Upgradation Project,Madhya Pradesh,Ratlam,2017-08-03,2021-12-31,Central PSU,Completion Certificate/COD,40.19,https://indiainvestmentgrid.gov.in/opportunities/nip-project/701314
Energy Storage,Oil/Gas/LNG Storage,RLNG Project,Tamil Nadu,Chennai,2017-08-04,2021-12-31,Central PSU,Completion Certificate/COD,39.61,https://indiainvestmentgrid.gov.in/opportunities/nip-project/604794
Energy Storage,Oil/Gas/LNG Storage,Rajasthan Refinery Project,Rajasthan,Barmer,2017-10-09,2026-06-30,Central PSU,Notice to Proceed,9990,https://indiainvestmentgrid.gov.in/opportunities/nip-project/701263
Energy Storage,Oil/Gas/LNG Storage,Bulk Terminal Development Project - Chhara,Gujarat,Gir Somnath,2017-10-31,2023-10-31,State PSU/ State Nodal Agency,,513.65,https://indiainvestmentgrid.gov.in/opportunities/nip-project/704662
Energy Storage,Oil/Gas/LNG Storage,Hissar New Depot Construction Project,Haryana,Hisar,2017-11-09,2021-06-09,Central PSU,Completion Certificate/COD,37.72,https://indiainvestmentgrid.gov.in/opportunities/nip-project/701270
Energy Storage,Oil/Gas/LNG Storage,Kakinada Srikakulam Natural Gas Pipeline Project,Andhra Pradesh,Kakinada,2017-11-14,2023-09-21,Joint Venture,Completion Certificate/COD,108.14,https://indiainvestmentgrid.gov.in/opportunities/project/400031
Energy Storage,Oil/Gas/LNG Storage,Asanur POL Terminal Construction Project,Tamil Nadu,Villupuram,2017-12-22,2022-03-31,Central PSU,Completion Certificate/COD,58.65,https://indiainvestmentgrid.gov.in/opportunities/nip-project/701306
Energy Storage,Oil/Gas/LNG Storage,New LPG BP at Jodhpur,Rajasthan,Jodhpur,2018-03-15,2023-03-31,Central PSU,Completion Certificate/COD,28.9,https://indiainvestmentgrid.gov.in/opportunities/nip-project/604831
Energy Storage,Oil/Gas/LNG Storage,"LPG Import Terminal, Kandla",Gujarat,Kutch,2018-03-28,2023-03-31,Central PSU,Completion Certificate/COD,65.38,https://indiainvestmentgrid.gov.in/opportunities/nip-project/701320
Energy Storage,Oil/Gas/LNG Storage,Motihari LPG Bottling Plant,Bihar,East Champaran,2018-04-26,2022-02-28,Central PSU,Completion Certificate/COD,25.97,https://indiainvestmentgrid.gov.in/opportunities/nip-project/604832
Energy Storage,Oil/Gas/LNG Storage,Revamping of Facilities at Vizag Terminal,Andhra Pradesh,Visakhapatnam,2018-04-26,2025-03-31,Central PSU,Completion Certificate/COD,44.64,https://indiainvestmentgrid.gov.in/opportunities/nip-project/701319
Energy Storage,Oil/Gas/LNG Storage,Motihari POL Terminal Construction Project,Bihar,"Motihari, East Champaran",2018-04-26,2022-03-31,Central PSU,Completion Certificate/COD,65.64,https://indiainvestmentgrid.gov.in/opportunities/nip-project/701313
Energy Storage,Oil/Gas/LNG Storage,India Bangladesh Friendship Pipeline,West Bengal,Darjeeling,2018-06-20,2023-03-18,Central PSU,Completion Certificate/COD,43.51,https://indiainvestmentgrid.gov.in/opportunities/project/400197
Energy Storage,Oil/Gas/LNG Storage,Atchutapuram POL Terminal Construction Project,Andhra Pradesh,Visakhapatnam,2018-08-11,2023-05-31,Central PSU,Completion Certificate/COD,58.59,https://indiainvestmentgrid.gov.in/opportunities/nip-project/701308
Energy Storage,Oil/Gas/LNG Storage,Fuel Quality Upgradation Project at Guwahati Refinery,Assam,Kamrup,2018-08-28,2021-11-22,Central PSU,Completion Certificate/COD,70.04,https://indiainvestmentgrid.gov.in/opportunities/nip-project/604799
Energy Storage,Oil/Gas/LNG Storage,Vijayawada Terminal Facilities Upgradation Project,Andhra Pradesh,"Vijayawada, Krishna",2018-10-10,2022-09-30,Central PSU,Completion Certificate/COD,39.76,https://indiainvestmentgrid.gov.in/opportunities/nip-project/701318
Energy Storage,Oil/Gas/LNG Storage,Raichur Depot - Gulbarga Resitement Project,Karnataka,Raichur,2018-10-29,2020-12-31,Central PSU,Completion Certificate/COD,22.16,https://indiainvestmentgrid.gov.in/opportunities/nip-project/701210
Energy Storage,Oil/Gas/LNG Storage,Additional Storage Tanks [10 nos.] at Paradip Refinery,Odisha,Jagatsinghpur,2018-11-02,2025-03-27,Central PSU,Completion Certificate/COD,68.28,https://indiainvestmentgrid.gov.in/opportunities/nip-project/701284
Energy Storage,Oil/Gas/LNG Storage,"Construction of POL Terminal at Malkapur,  Telangana",Telangana,"Malkapur, Yadadri Bhuvanagiri",2018-12-13,2023-12-31,Central PSU,Completion Certificate/COD,76.83,https://indiainvestmentgrid.gov.in/opportunities/nip-project/604829
Energy Storage,Oil/Gas/LNG Storage,"Construction of 80,000 MT LPG Cavern at Mangalore",Karnataka,"Mangalore, Dakshina Kannada",2018-12-19,2025-08-25,Central PSU,Completion Certificate/COD,107.38,https://indiainvestmentgrid.gov.in/opportunities/nip-project/701269
Energy Storage,Oil/Gas/LNG Storage,Kandla Gorakhpur LPG Pipeline,"Madhya Pradesh, Gujarat, Uttar Pradesh","Jhabua, Madhya Pradesh",2018-12-31,2026-06-30,Central PSU,Notice to Proceed,1270,https://indiainvestmentgrid.gov.in/opportunities/nip-project/400012
Energy Storage,Oil/Gas/LNG Storage,Paradip-Numaligarh Crude Oil Pipeline [PNCPL] & Crude Oil Import Terminal [COIT] at Paradip,"Assam, Bihar, Jharkhand, West Bengal, Odisha","Jorhat, Assam",2019-01-28,2026-10-31,Central PSU,Notice to Proceed,1560,https://indiainvestmentgrid.gov.in/opportunities/nip-project/701349
Energy Storage,Oil/Gas/LNG Storage,City Gas Distribution Project in Ballari & Gadag District,Karnataka,Gadag,2019-04-26,2024-02-29,Central PSU,Completion Certificate/COD,112.87,https://indiainvestmentgrid.gov.in/opportunities/project/400001
Energy Storage,Oil/Gas/LNG Storage,Installation of Standby SRU Train alongwith Incinerator at Paradip Refinery,Odisha,Jagatsinghpur,2019-06-27,2025-01-31,Central PSU,Completion Certificate/COD,53.7,https://indiainvestmentgrid.gov.in/opportunities/nip-project/604797
Energy Storage,Oil/Gas/LNG Storage,2G Ethanol Demo Plant at Panipat Refinery,Haryana,Panipat,2019-07-17,2024-07-31,Central PSU,Completion Certificate/COD,14.54,https://indiainvestmentgrid.gov.in/opportunities/nip-project/610001
Energy Storage,Oil/Gas/LNG Storage,"Construction of Office Building, Karnataka State Office",Karnataka,Bengaluru Urban,2019-08-16,2023-06-30,Central PSU,Completion Certificate/COD,23.02,https://indiainvestmentgrid.gov.in/opportunities/nip-project/604814
Energy Storage,Oil/Gas/LNG Storage,Srikakulam Angul Gas Pipeline Project,"Andhra Pradesh, Odisha","Srikakulam, Andhra Pradesh",2019-09-12,2026-06-30,Central PSU,Notice to Proceed,353.33,https://indiainvestmentgrid.gov.in/opportunities/nip-project/701343
Energy Storage,Oil/Gas/LNG Storage,Gorakhpur Biofuels Complex Project [CBG Plant],Uttar Pradesh,Gorakhpur,2019-09-13,2024-03-08,Central PSU,Completion Certificate/COD,20.71,https://indiainvestmentgrid.gov.in/opportunities/nip-project/604849
Energy Storage,Oil/Gas/LNG Storage,Procurement of one H-25 Gas Turbine package including installation & commissioning for restoration of GT 2 in CPP at PNC,Haryana,Panipat,2019-09-26,2022-03-28,Central PSU,Project Completed,17.78,https://indiainvestmentgrid.gov.in/opportunities/nip-project/604809
Energy Storage,Oil/Gas/LNG Storage,Procurement & Installation of one RG compressor in CRU unit of Haldia Refinery.,West Bengal,"Haldia, Purba Medinipur",2019-10-29,2022-02-09,Central PSU,Project Completed,4.62,https://indiainvestmentgrid.gov.in/opportunities/nip-project/610002
Energy Storage,Oil/Gas/LNG Storage,LAB expansion at Gujarat Refinery,Gujarat,Vadodara,2019-10-31,2022-07-04,Central PSU,Completion Certificate/COD,50.69,https://indiainvestmentgrid.gov.in/opportunities/nip-project/604858
Energy Storage,Oil/Gas/LNG Storage,Barmer Palanpur Pipeline,"Gujarat, Rajasthan","Palanpur, Banaskantha, Gujarat",2019-11-07,2022-11-06,Central Government,Completion Certificate/COD,96.07,https://indiainvestmentgrid.gov.in/opportunities/nip-project/601942
Energy Storage,Oil/Gas/LNG Storage,Pipeline Facilities from Gujarat refinery to Dumad for Oxo Acrylics Project,Gujarat,Vadodara,2019-11-27,2023-05-31,Central PSU,Notice to Proceed,13.89,https://indiainvestmentgrid.gov.in/opportunities/nip-project/604803
Energy Storage,Oil/Gas/LNG Storage,LNG Regassification Terminal  by HPCL LNG  at Chhara,Gujarat,Gandhinagar,2019-11-30,2022-11-30,State PSU/ State Nodal Agency,Financial Closure,539.8,https://indiainvestmentgrid.gov.in/opportunities/nip-project/704667
Energy Storage,Oil/Gas/LNG Storage,Sidhi & Singrauli City Gas Distribution Project,Madhya Pradesh,Sidhi,2019-12-30,2024-03-31,Central PSU,Completion Certificate/COD,44.05,https://indiainvestmentgrid.gov.in/opportunities/nip-project/609998
Energy Storage,Oil/Gas/LNG Storage,Chatra & Palamu City Gas Distribution Project,Jharkhand,Chatra,2019-12-30,2024-02-29,Central PSU,Completion Certificate/COD,28.95,https://indiainvestmentgrid.gov.in/opportunities/nip-project/609999
Energy Storage,Oil/Gas/LNG Storage,Development of infrastructure for utilization of natural gas at Paradip,Odisha,Jagatsinghpur,2020-01-28,2024-03-22,Central PSU,Completion Certificate/COD,25.42,https://indiainvestmentgrid.gov.in/opportunities/nip-project/604798
Energy Storage,Oil/Gas/LNG Storage,"Expansion of LPG Import and Storage Terminal at Tuticorin, Tamil Nadu",Tamil Nadu,Thoothukudi,2020-01-30,2023-03-15,Private Sector,Not Applicable,69.53,https://indiainvestmentgrid.gov.in/opportunities/project/400241
Energy Storage,Oil/Gas/LNG Storage,Completion of Breakwater at Dabhol,Maharashtra,Ratnagiri,2020-02-06,2025-05-01,Central PSU,Completion Certificate/COD,109.39,https://indiainvestmentgrid.gov.in/opportunities/nip-project/701342
Energy Storage,Oil/Gas/LNG Storage,Conversion of existing Rail lines inside Paradip Refinery for PolyPropylene [PP] dispatch,Odisha,"Paradip, Jagatsinghpur",2020-02-18,2022-11-30,Central PSU,Completion Certificate/COD,12.52,https://indiainvestmentgrid.gov.in/opportunities/nip-project/610000
Energy Storage,Oil/Gas/LNG Storage,Enhancing production of Lube Oil  Base Stock [LOBS] at Mumbai Refinery,Maharashtra,Mumbai City,2020-07-10,2022-07-31,Central PSU,Completion Certificate/COD,75.32,https://indiainvestmentgrid.gov.in/opportunities/nip-project/604789
Energy Storage,Oil/Gas/LNG Storage,Purchase of land and construction of office building for Bihar State Office,Bihar,Patna,2020-10-28,2023-11-30,Central PSU,Completion Certificate/COD,13.05,https://indiainvestmentgrid.gov.in/opportunities/nip-project/604846
Energy Storage,Oil/Gas/LNG Storage,"Setting up Lube Complex at Villages Amullavoyal and Vaikkadu, Chennai as resitement of existing facilities at Tondiarpet, Chennai,  Tamil Nadu",Tamil Nadu,Chennai,2020-10-30,2025-01-31,Central PSU,Completion Certificate/COD,187.34,https://indiainvestmentgrid.gov.in/opportunities/nip-project/604830
Energy Storage,Oil/Gas/LNG Storage,"Construction of Captive POL/LPG Jetty at Kamarajar Port, Chennai,  Tamil Nadu",Tamil Nadu,Chennai,2020-10-30,2024-12-31,Central PSU,Notice to Proceed,115.81,https://indiainvestmentgrid.gov.in/opportunities/nip-project/604827
Energy Storage,Oil/Gas/LNG Storage,50 MW LNG based Power Plant at Hope Town,Andaman & Nicobar,South Andaman,2021-09-01,2024-05-31,Central PSU,,163.46,https://indiainvestmentgrid.gov.in/opportunities/nip-project/606999
Energy Storage,Oil/Gas/LNG Storage,New Mundra Panipat Crude Oil Pipeline,"Haryana, Gujarat, Rajasthan","Jind, Haryana",2021-12-20,2026-06-30,Central PSU,Notice to Proceed,1140,https://indiainvestmentgrid.gov.in/opportunities/nip-project/400078
Energy Storage,Oil/Gas/LNG Storage,Laying of POL Pipelines in Common Corridor for proposed grass root terminal at Vallur [Chennai],Tamil Nadu,Chennai,2022-01-31,2027-03-31,Central PSU,Notice to Proceed,104.24,https://indiainvestmentgrid.gov.in/opportunities/nip-project/400043
Energy Storage,Oil/Gas/LNG Storage,"Grass root POL Terminal at Vallur, Chennai",Tamil Nadu,"Tiruttani, Tiruvallur",2022-01-31,2026-03-31,Central PSU,Completion Certificate/COD,111.62,https://indiainvestmentgrid.gov.in/opportunities/nip-project/400077
Energy Storage,Oil/Gas/LNG Storage,Cauvery Basin Refinery - Asanur Pipeline and its hookup with Existing Chennai Trichy Madurai Pipeline [CBR Asanur PL],Tamil Nadu,Nagapattinam,2022-03-16,2024-12-31,Central PSU,Completion Certificate/COD,70.92,https://indiainvestmentgrid.gov.in/opportunities/project/400050
Energy Storage,Oil/Gas/LNG Storage,"Construction of LPG Bottling plant at Rasayani, Maharashtra",Maharashtra,"Rasayani, Raigad",2022-03-22,2024-03-30,Central PSU,Completion Certificate/COD,17.65,https://indiainvestmentgrid.gov.in/opportunities/nip-project/611914
Energy Storage,Oil/Gas/LNG Storage,Revamping of the facilities at HPCL Vashi White Oil Terminal,Maharashtra,"Vashi, Mumbai City",2022-03-25,2025-03-24,Central PSU,Notice to Proceed,15.09,https://indiainvestmentgrid.gov.in/opportunities/nip-project/709762
Energy Storage,Oil/Gas/LNG Storage,LPG Terminal by WCLTPL Development Project..,Gujarat,Gir Somnath,2022-04-30,2025-04-30,Central PSU,Idea Stage,176.04,https://indiainvestmentgrid.gov.in/opportunities/nip-project/704669
Energy Storage,Oil/Gas/LNG Storage,"Grass Root Rail-fed Depot at Sekerkote, Agartala as resitement of existing Dharmanagar Depot",Tripura,"Agartala, West",2022-06-28,2026-06-30,Central PSU,Notice to Proceed,82.49,https://indiainvestmentgrid.gov.in/opportunities/nip-project/400035
Energy Storage,Oil/Gas/LNG Storage,"Grass-root Terminal at Mirzapur, Uttar Pradesh",Uttar Pradesh,Mirzapur,2022-09-29,2026-11-30,Central PSU,Notice to Proceed,123.28,https://indiainvestmentgrid.gov.in/opportunities/nip-project/604852
Energy Storage,Oil/Gas/LNG Storage,Tank Wagon Gantry and Railway Siding facilities at Madurai LPG Plant,Tamil Nadu,Madurai,2022-12-15,2027-02-28,Central PSU,Notice to Proceed,17.3,https://indiainvestmentgrid.gov.in/opportunities/nip-project/709763
Energy Storage,Oil/Gas/LNG Storage,"Setting up of new rail fed POL facility at Kamardanga, Assam",Assam,Chirang,2023-03-29,2027-07-04,Central PSU,Notice to Proceed,48.29,https://indiainvestmentgrid.gov.in/opportunities/nip-project/709755
Energy Storage,Oil/Gas/LNG Storage,"Construction of LPG Facilities at Kamardanga, Assam",Assam,Chirang,2023-03-30,2027-07-04,Central PSU,Notice to Proceed,19.66,https://indiainvestmentgrid.gov.in/opportunities/nip-project/709754
Energy Storage,Oil/Gas/LNG Storage,"Setting up a common user Petroleum Terminal at Jammu, J&K for resitement of existing PSU OMC's Depots from Jammu City",Jammu and Kashmir,Jammu,2023-04-01,2026-01-31,Central PSU,Completion Certificate/COD,85.11,https://indiainvestmentgrid.gov.in/opportunities/nip-project/400235
Energy Storage,Oil/Gas/LNG Storage,Setting up of 50 MW [plus/minus 5 percent] Wind Power Plant for Captive Consumption at MR,Maharashtra,Nandurbar,2023-05-15,2027-04-30,Central PSU,Notice to Proceed,60.75,https://indiainvestmentgrid.gov.in/opportunities/nip-project/619313
Energy Storage,Oil/Gas/LNG Storage,Capacity Augmentation of Kandla LPG Import Terminal [KLIT] from 0.6 MMTPA to 2.5 MMTPA,Gujarat,Banaskantha,2023-05-29,2026-07-31,Central PSU,Notice to Proceed,44.87,https://indiainvestmentgrid.gov.in/opportunities/nip-project/617839
Energy Storage,Oil/Gas/LNG Storage,Padur Strategic Petroleum Reserve Construction Project,Karnataka,Udupi,2023-12-01,2028-12-31,Central PSU,Idea Stage,727.28,https://indiainvestmentgrid.gov.in/opportunities/nip-project/701367
Energy Storage,Oil/Gas/LNG Storage,Chandikhol Strategic Petroleum Reserve Construction Project,Odisha,Jajpur,2023-12-01,2028-12-31,Central PSU,Idea Stage,1100,https://indiainvestmentgrid.gov.in/opportunities/nip-project/701366
Energy Storage,Oil/Gas/LNG Storage,"Petrochemical evacuation marketing terminal at Barmer, Rajasthan",Rajasthan,Balotra,2023-12-07,2026-12-06,Central PSU,Notice to Proceed,57.97,https://indiainvestmentgrid.gov.in/opportunities/nip-project/709759
Energy Storage,Oil/Gas/LNG Storage,LPG Bottling Plant at Mualkhang,Mizoram,Kolasib,2024-07-04,2028-03-31,Central PSU,Notice to Proceed,28.38,https://indiainvestmentgrid.gov.in/opportunities/nip-project/617829
Energy Storage,Oil/Gas/LNG Storage,Construction of Aviation Fuel farm Facilities at Bhogapuram Airport,Andhra Pradesh,Vizianagaram,2024-08-28,2026-03-31,Central PSU,Completion Certificate/COD,30.18,https://indiainvestmentgrid.gov.in/opportunities/nip-project/616235
Energy Storage,Energy Storage Systems,"1400 MW Grid-Connected Solar PV Projects in Lalitpur and Chitrakoot, Uttar Pradesh",Uttar Pradesh,Lalitpur,2025-03-26,2027-07-22,Central Government,Consultant Appointment,12.57,https://indiainvestmentgrid.gov.in/opportunities/project/617107
Energy Storage,Energy Storage Systems,CHANDIKHOL SPR PROJECT,Odisha,"Jajpur town, Jajpur",2026-11-01,2032-10-31,Central Government,DPR/Feasibility Study,1100,https://indiainvestmentgrid.gov.in/opportunities/nip-project/619019
Energy Storage,Oil/Gas/LNG Storage,Textile Project with associated facilities at Bhadrak [Odisha],Odisha,Bhadrak,,,Central PSU,,,https://indiainvestmentgrid.gov.in/opportunities/nip-project/604860
Energy Storage,Oil/Gas/LNG Storage,Port base GasorLNG Terminals Development Project,Andhra Pradesh,East Godavari,,,Central PSU,Idea Stage,251.48,https://indiainvestmentgrid.gov.in/opportunities/nip-project/704160
Energy Storage,Oil/Gas/LNG Storage,"LNG Terminal Project at Kakinada Deep Water Port, Andhra Pradesh",Andhra Pradesh,,,2023-01-01,,,578.4,https://indiainvestmentgrid.gov.in/opportunities/project/400230
Energy Storage,Oil/Gas/LNG Storage,Petronet LNG Project -Gangavaram LNG Terminal,Andhra Pradesh,,,2013-07-04,,,628.7,https://indiainvestmentgrid.gov.in/opportunities/project/400411
Energy Storage,Oil/Gas/LNG Storage,"LNG Regasification Terminal at Kukrahati, West Bengal",West Bengal,,,2022-07-15,,,251.48,https://indiainvestmentgrid.gov.in/opportunities/project/400237
Energy Storage,Oil/Gas/LNG Storage,Kanai Chatta-Shrirampur Natural Gas Pipeline,West Bengal,,,2022-07-07,,,153.91,https://indiainvestmentgrid.gov.in/opportunities/project/400238
Energy Storage,Oil/Gas/LNG Storage,"Petroleum & Petrochemical Projects at Rasayani, Maharashtra",Maharashtra,,,,,,880.18,https://indiainvestmentgrid.gov.in/opportunities/project/400240
