company,nse_symbol,tier,primary_panel,fiscal_period,period_end,window_start,window_end,window_months,capex_cr,capex_cr_growth_pct,national_ev_production,national_ev_registrations,own_ev_registrations,own_ev_reg_growth_pct,own_ev_production,own_ev_prod_growth_pct,x_coverage,depreciation_cr,cfo_cr,asset_formation_cr,asset_formation_error_pct,formation_flag
Amara Raja Energy & Mobility Limited,ARE&M,battery_cell,yes,Q4 FY23,2023-03-31,2022-04,2023-03,12,510.77,,,1222589,,,,,production;own_reg;own_prod,450.4,1201.02,,,
Amara Raja Energy & Mobility Limited,ARE&M,battery_cell,yes,Q4 FY24,2024-03-31,2023-04,2024-03,12,871.45,70.615,494210,1741465,,,,,own_reg;own_prod,484.33,1604.29,936.05,7.41,
Amara Raja Energy & Mobility Limited,ARE&M,battery_cell,yes,Q4 FY25,2025-03-31,2024-04,2025-03,12,1200.13,37.7164,827205,2039293,,,,,own_reg;own_prod,525.66,1682.06,1389.88,15.81,
Amara Raja Energy & Mobility Limited,ARE&M,battery_cell,yes,Q4 FY26,2026-03-31,2025-04,2026-03,12,1341.06,11.7429,1252921,2547083,,,,,own_reg;own_prod,607.18,1424.38,1609.57,20.02,
Ashok Leyland Limited,ASHOKLEY,oem_ice_led,yes,Q4 FY23,2023-03-31,2022-04,2023-03,12,929.1,,,1222589,,,,,production;own_reg;own_prod,900.22,-3937.96,,,
Ashok Leyland Limited,ASHOKLEY,oem_ice_led,yes,Q4 FY24,2024-03-31,2023-04,2024-03,12,1133.54,22.0041,494210,1741465,,,,,own_reg;own_prod,927.29,-5391.88,1084.19,-4.35,
Ashok Leyland Limited,ASHOKLEY,oem_ice_led,yes,Q4 FY25,2025-03-31,2024-04,2025-03,12,1648.08,45.3923,827205,2039293,,,,,own_reg;own_prod,1086.65,1278.73,1929.4,17.07,
Ashok Leyland Limited,ASHOKLEY,oem_ice_led,yes,Q4 FY26,2026-03-31,2025-04,2026-03,12,2945.48,78.7219,1252921,2547083,,,,,own_reg;own_prod,1137.56,-3471.6,3098.31,5.19,
Autoline Industries Limited,AUTOIND,ev_component,yes,Q4 FY23,2023-03-31,2022-04,2023-03,12,11.7079,,,1222589,,,,,production;own_reg;own_prod,17.6347,75.0973,,,
Autoline Industries Limited,AUTOIND,ev_component,yes,Q4 FY24,2024-03-31,2023-04,2024-03,12,90.6982,674.6752,494210,1741465,,,,,own_reg;own_prod,13.8329,10.364,25.0629,-72.37,
Autoline Industries Limited,AUTOIND,ev_component,yes,Q4 FY25,2025-03-31,2024-04,2025-03,12,151.0607,66.5531,827205,2039293,,,,,own_reg;own_prod,17.8023,67.0263,155.5023,2.94,
Bajaj Auto Limited,BAJAJ-AUTO,oem_ev_led,yes,Q4 FY23,2023-03-31,2022-04,2023-03,12,1110.2,,,1222589,,,,,production;own_reg;own_prod,285.85,7195.94,,,
Bajaj Auto Limited,BAJAJ-AUTO,oem_ev_led,yes,Q4 FY24,2024-03-31,2023-04,2024-03,12,722.84,-34.891,494210,1741465,122624,,128545,,complete,364.77,8945.05,689.74,-4.58,
Bajaj Auto Limited,BAJAJ-AUTO,oem_ev_led,yes,Q4 FY25,2025-03-31,2024-04,2025-03,12,873.84,20.8898,827205,2039293,292005,138.1304,284100,121.0121,complete,414.23,1344.47,899.15,2.9,
Bajaj Auto Limited,BAJAJ-AUTO,oem_ev_led,yes,Q4 FY26,2026-03-31,2025-04,2026-03,12,722.32,-17.3396,1252921,2547083,390644,33.7799,368523,29.7159,complete,644.69,6026.14,10389.35,1338.33,acquired
Belrise Industries Limited,BELRISE,ev_component,yes,Q4 FY23,2023-03-31,2022-04,2023-03,12,165.921,,,1222589,,,,,production;own_reg;own_prod,306.738,849.901,,,
Belrise Industries Limited,BELRISE,ev_component,yes,Q4 FY24,2024-03-31,2023-04,2024-03,12,437.218,163.5097,494210,1741465,,,,,own_reg;own_prod,321.394,661.848,,,
Belrise Industries Limited,BELRISE,ev_component,yes,Q4 FY25,2025-03-31,2024-04,2025-03,12,738.215,68.8437,827205,2039293,,,,,own_reg;own_prod,329.756,802.384,853.746,15.65,
Belrise Industries Limited,BELRISE,ev_component,yes,Q4 FY26,2026-03-31,2025-04,2026-03,12,565.009,-23.4628,1252921,2547083,,,,,own_reg;own_prod,360.95,1036.201,541.84,-4.1,
Bharat Forge Limited,BHARATFORG,ev_component,yes,Q4 FY23,2023-03-31,2022-04,2023-03,12,996.182,,,1222589,,,,,production;own_reg;own_prod,735.586,1711.699,,,
Bharat Forge Limited,BHARATFORG,ev_component,yes,Q4 FY24,2024-03-31,2023-04,2024-03,12,1524.026,52.9867,494210,1741465,,,,,own_reg;own_prod,848.196,2182.91,1286.756,-15.57,
Bharat Forge Limited,BHARATFORG,ev_component,yes,Q4 FY25,2025-03-31,2024-04,2025-03,12,1450.459,-4.8271,827205,2039293,,,,,own_reg;own_prod,873.619,2401.35,1931.619,33.17,
Bharat Forge Limited,BHARATFORG,ev_component,yes,Q4 FY26,2026-03-31,2025-04,2026-03,12,1140.496,-21.37,1252921,2547083,,,,,own_reg;own_prod,970.924,2051.267,2125.664,86.38,
Cie Automotive India Limited,CIEINDIA,ev_component,yes,Q3 FY23,2022-12-31,2022-01,2022-12,12,501.411,,,1059660,,,,,production;own_reg;own_prod,353.734,1316.34,,,
Cie Automotive India Limited,CIEINDIA,ev_component,yes,Q3 FY24,2023-12-31,2023-01,2023-12,12,530.317,5.7649,,1581708,,,,,production;own_reg;own_prod,322.196,1741.19,,,
Cie Automotive India Limited,CIEINDIA,ev_component,yes,Q3 FY25,2024-12-31,2024-01,2024-12,12,386.656,-27.0896,721085,2025425,,,,,own_reg;own_prod,330.645,1143.021,389.875,0.83,
Cie Automotive India Limited,CIEINDIA,ev_component,yes,Q3 FY26,2025-12-31,2025-01,2025-12,12,377.41,-2.3913,1102012,2356222,,,,,own_reg;own_prod,358.084,1520.484,764.444,102.55,acquired
Dhoot Transmission Limited,DHOOTTRANS,ev_component,yes,Q4 FY24,2024-03-31,2023-04,2024-03,12,287.873,,494210,1741465,,,,,own_reg;own_prod,76.385,329.993,,,
Dhoot Transmission Limited,DHOOTTRANS,ev_component,yes,Q4 FY25,2025-03-31,2024-04,2025-03,12,406.879,41.3398,827205,2039293,,,,,own_reg;own_prod,93.277,435.123,,,
Dhoot Transmission Limited,DHOOTTRANS,ev_component,yes,Q4 FY26,2026-03-31,2025-04,2026-03,12,349.967,-13.9875,1252921,2547083,,,,,own_reg;own_prod,122.544,476.51,,,
Eicher Motors Limited,EICHERMOT,oem_ice_led,yes,Q4 FY23,2023-03-31,2022-04,2023-03,12,682.49,,,1222589,,,,,production;own_reg;own_prod,526.21,3592.93,,,
Eicher Motors Limited,EICHERMOT,oem_ice_led,yes,Q4 FY24,2024-03-31,2023-04,2024-03,12,818.51,19.93,494210,1741465,,,,,own_reg;own_prod,597.6,4791.54,905.02,10.57,
Eicher Motors Limited,EICHERMOT,oem_ice_led,yes,Q4 FY25,2025-03-31,2024-04,2025-03,12,1039.33,26.9783,827205,2039293,,,,,own_reg;own_prod,729.33,5060.1,1224.79,17.84,
Endurance Technologies Limited,ENDURANCE,ev_component,yes,Q4 FY23,2023-03-31,2022-04,2023-03,12,636.258,,,1222589,,,,,production;own_reg;own_prod,421.58,1046.878,,,
Endurance Technologies Limited,ENDURANCE,ev_component,yes,Q4 FY24,2024-03-31,2023-04,2024-03,12,834.828,31.209,494210,1741465,,,,,own_reg;own_prod,473.993,1276.46,949.743,13.77,
Endurance Technologies Limited,ENDURANCE,ev_component,yes,Q4 FY25,2025-03-31,2024-04,2025-03,12,1053.416,26.1836,827205,2039293,,,,,own_reg;own_prod,538.705,1748.516,1100.305,4.45,
Endurance Technologies Limited,ENDURANCE,ev_component,yes,Q4 FY26,2026-03-31,2025-04,2026-03,12,1295.81,23.0103,1252921,2547083,,,,,own_reg;own_prod,734.22,2151.63,2571.76,98.47,
Exicom Tele Systems Limited,EXICOM,charging,yes,Q4 FY23,2023-03-31,2022-04,2023-03,12,16.448,,,1222589,,,,,production;own_reg;own_prod,19.0578,6.6206,,,
Exicom Tele Systems Limited,EXICOM,charging,yes,Q4 FY24,2024-03-31,2023-04,2024-03,12,17.5124,6.4713,494210,1741465,,,,,own_reg;own_prod,18.5504,33.4084,48.4404,176.61,acquired
Exicom Tele Systems Limited,EXICOM,charging,yes,Q4 FY25,2025-03-31,2024-04,2025-03,12,384.3308,2094.621,827205,2039293,,,,,own_reg;own_prod,55.8947,-158.5176,608.0547,58.21,
Exicom Tele Systems Limited,EXICOM,charging,yes,Q4 FY26,2026-03-31,2025-04,2026-03,12,128.7669,-66.4958,1252921,2547083,,,,,own_reg;own_prod,116.3029,-82.1204,318.7729,147.56,acquired
Exide Industries Limited,EXIDEIND,battery_cell,yes,Q4 FY23,2023-03-31,2022-04,2023-03,12,993.3,,,1222589,,,,,production;own_reg;own_prod,501.91,1098.38,,,
Exide Industries Limited,EXIDEIND,battery_cell,yes,Q4 FY24,2024-03-31,2023-04,2024-03,12,1876.05,88.8704,494210,1741465,,,,,own_reg;own_prod,560.42,1920.88,1557.71,-16.97,
Exide Industries Limited,EXIDEIND,battery_cell,yes,Q4 FY25,2025-03-31,2024-04,2025-03,12,1948.72,3.8736,827205,2039293,,,,,own_reg;own_prod,582.34,1650.57,2956.27,51.7,
Exide Industries Limited,EXIDEIND,battery_cell,yes,Q4 FY26,2026-03-31,2025-04,2026-03,12,1152.63,-40.8519,1252921,2547083,,,,,own_reg;own_prod,588.75,2810.96,1214.47,5.37,
Gensol Engineering Limited,GENSOL,out_of_scope,no,Q4 FY22,2022-03-31,2021-04,2022-03,12,50.94,,,474037,,,,,production;own_reg;own_prod,1.31,-48.91,,,
Gensol Engineering Limited,GENSOL,out_of_scope,no,Q4 FY23,2023-03-31,2022-04,2023-03,12,438.74,761.2878,,1222589,,,,,production;own_reg;own_prod,25.37,118.18,,,
Gensol Engineering Limited,GENSOL,out_of_scope,no,Q4 FY24,2024-03-31,2023-04,2024-03,12,478.64,9.0942,494210,1741465,,,,,own_reg;own_prod,74.25,-94.65,,,
Gravita India Limited,GRAVITA,upstream_material,no,Q4 FY23,2023-03-31,2022-04,2023-03,12,107.76,,,1222589,,,,,production;own_reg;own_prod,23.96,223.16,,,
Gravita India Limited,GRAVITA,upstream_material,no,Q4 FY24,2024-03-31,2023-04,2024-03,12,98.18,-8.8901,494210,1741465,,,,,own_reg;own_prod,37.99,91.98,,,
Gravita India Limited,GRAVITA,upstream_material,no,Q4 FY25,2025-03-31,2024-04,2025-03,12,107.31,9.2992,827205,2039293,,,,,own_reg;own_prod,29.09,332.74,,,
Gravita India Limited,GRAVITA,upstream_material,no,Q4 FY26,2026-03-31,2025-04,2026-03,12,215.69,100.9971,1252921,2547083,,,,,own_reg;own_prod,38.83,233.46,,,
Gujarat Fluorochemicals Limited,FLUOROCHEM,upstream_material,no,Q4 FY23,2023-03-31,2022-04,2023-03,12,674.969,,,1222589,,,,,production;own_reg;own_prod,236.0524,1208.8465,,,
Gujarat Fluorochemicals Limited,FLUOROCHEM,upstream_material,no,Q4 FY24,2024-03-31,2023-04,2024-03,12,955.6,41.5769,494210,1741465,,,,,own_reg;own_prod,286.11,821.28,,,
Gujarat Fluorochemicals Limited,FLUOROCHEM,upstream_material,no,Q4 FY25,2025-03-31,2024-04,2025-03,12,819.47,-14.2455,827205,2039293,,,,,own_reg;own_prod,354.68,732.68,,,
Gujarat Fluorochemicals Limited,FLUOROCHEM,upstream_material,no,Q4 FY26,2026-03-31,2025-04,2026-03,12,1206.32,47.2073,1252921,2547083,,,,,own_reg;own_prod,366.84,1208.01,,,
Hero Motocorp Limited,HEROMOTOCO,oem_ev_led,yes,Q4 FY23,2023-03-31,2022-04,2023-03,12,604.25,,,1222589,,,,,production;own_reg;own_prod,697.39,3470.4,,,
Hero Motocorp Limited,HEROMOTOCO,oem_ev_led,yes,Q4 FY24,2024-03-31,2023-04,2024-03,12,787.89,30.3914,494210,1741465,18775,,19264,,complete,757.36,6252.24,860.71,9.24,
Hero Motocorp Limited,HEROMOTOCO,oem_ev_led,yes,Q4 FY25,2025-03-31,2024-04,2025-03,12,856.63,8.7246,827205,2039293,50794,170.5406,60189,212.4429,complete,824.59,5862.54,878.49,2.55,
Hero Motocorp Limited,HEROMOTOCO,oem_ev_led,yes,Q4 FY26,2026-03-31,2025-04,2026-03,12,1100.1,28.4218,1252921,2547083,149687,194.6943,148120,146.0915,complete,854.99,9481.38,1223.36,11.2,
Himadri Speciality Chemical Limited,HSCL,upstream_material,no,Q4 FY23,2023-03-31,2022-04,2023-03,12,82.5237,,,1222589,,,,,production;own_reg;own_prod,50.8476,101.374,,,
Himadri Speciality Chemical Limited,HSCL,upstream_material,no,Q4 FY24,2024-03-31,2023-04,2024-03,12,52.3608,-36.5506,494210,1741465,,,,,own_reg;own_prod,49.8587,497.6117,,,
Himadri Speciality Chemical Limited,HSCL,upstream_material,no,Q4 FY25,2025-03-31,2024-04,2025-03,12,170.5968,225.8101,827205,2039293,,,,,own_reg;own_prod,54.9652,591.1773,,,
Himadri Speciality Chemical Limited,HSCL,upstream_material,no,Q4 FY26,2026-03-31,2025-04,2026-03,12,449.7089,163.6092,1252921,2547083,,,,,own_reg;own_prod,68.1614,612.8726,,,
Hindalco Industries Limited,HINDALCO,upstream_material,no,Q4 FY23,2023-03-31,2022-04,2023-03,12,9737.0,,,1222589,,,,,production;own_reg;own_prod,7086.0,21988.0,,,
Hindalco Industries Limited,HINDALCO,upstream_material,no,Q4 FY24,2024-03-31,2023-04,2024-03,12,15728.0,61.5282,494210,1741465,,,,,own_reg;own_prod,7521.0,26731.0,,,
Hindalco Industries Limited,HINDALCO,upstream_material,no,Q4 FY25,2025-03-31,2024-04,2025-03,12,20649.0,31.2881,827205,2039293,,,,,own_reg;own_prod,7881.0,29877.0,,,
Hindalco Industries Limited,HINDALCO,upstream_material,no,Q4 FY26,2026-03-31,2025-04,2026-03,12,30096.0,45.7504,1252921,2547083,,,,,own_reg;own_prod,8830.0,16726.0,,,
Hindustan Zinc Limited,HINDZINC,upstream_material,no,Q4 FY23,2023-03-31,2022-04,2023-03,12,3575.0,,,1222589,,,,,production;own_reg;own_prod,3264.0,18302.0,,,
Hindustan Zinc Limited,HINDZINC,upstream_material,no,Q4 FY24,2024-03-31,2023-04,2024-03,12,3815.0,6.7133,494210,1741465,,,,,own_reg;own_prod,3468.0,15103.0,,,
Hindustan Zinc Limited,HINDZINC,upstream_material,no,Q4 FY25,2025-03-31,2024-04,2025-03,12,3999.0,4.8231,827205,2039293,,,,,own_reg;own_prod,3640.0,17545.0,,,
Hindustan Zinc Limited,HINDZINC,upstream_material,no,Q4 FY26,2026-03-31,2025-04,2026-03,12,5262.0,31.5829,1252921,2547083,,,,,own_reg;own_prod,3790.0,21560.0,,,
Hyundai Motor India Limited,HYUNDAI,oem_ice_led,yes,Q4 FY23,2023-03-31,2022-04,2023-03,12,2260.982,,,1222589,,,,,production;own_reg;own_prod,2189.866,8697.036,,,
Hyundai Motor India Limited,HYUNDAI,oem_ice_led,yes,Q4 FY24,2024-03-31,2023-04,2024-03,12,3246.208,43.5751,494210,1741465,,,,,own_reg;own_prod,2207.931,11551.754,,,
Hyundai Motor India Limited,HYUNDAI,oem_ice_led,yes,Q4 FY25,2025-03-31,2024-04,2025-03,12,5306.839,63.4781,827205,2039293,,,,,own_reg;own_prod,2105.258,6312.201,5661.458,6.68,
Hyundai Motor India Limited,HYUNDAI,oem_ice_led,yes,Q4 FY26,2026-03-31,2025-04,2026-03,12,4266.393,-19.6058,1252921,2547083,,,,,own_reg;own_prod,2197.996,8832.168,4169.746,-2.27,
Jbm Auto Limited,JBMA,ev_component,yes,Q4 FY23,2023-03-31,2022-04,2023-03,12,626.7265,,,1222589,,,,,production;own_reg;own_prod,130.3149,535.0293,,,
Jbm Auto Limited,JBMA,ev_component,yes,Q4 FY24,2024-03-31,2023-04,2024-03,12,227.6053,-63.6835,494210,1741465,,,,,own_reg;own_prod,171.4747,251.9277,274.0347,20.4,
Jbm Auto Limited,JBMA,ev_component,yes,Q4 FY25,2025-03-31,2024-04,2025-03,12,122.1197,-46.3458,827205,2039293,,,,,own_reg;own_prod,174.7345,446.5349,40.9945,-66.43,
Jbm Auto Limited,JBMA,ev_component,yes,Q4 FY26,2026-03-31,2025-04,2026-03,12,302.0642,147.3509,1252921,2547083,,,,,own_reg;own_prod,173.8676,31.6776,144.1076,-52.29,
Jupiter Wagons Limited,JWL,ev_component,yes,Q4 FY23,2023-03-31,2022-04,2023-03,12,72.6883,,,1222589,,,,,production;own_reg;own_prod,24.975,87.0041,,,
Jupiter Wagons Limited,JWL,ev_component,yes,Q4 FY24,2024-03-31,2023-04,2024-03,12,124.8188,71.7179,494210,1741465,,,,,own_reg;own_prod,28.1586,89.4612,420.9386,237.24,acquired
Jupiter Wagons Limited,JWL,ev_component,yes,Q4 FY25,2025-03-31,2024-04,2025-03,12,508.1461,307.107,827205,2039293,,,,,own_reg;own_prod,53.6393,218.8381,207.4193,-59.18,
Jupiter Wagons Limited,JWL,ev_component,yes,Q4 FY26,2026-03-31,2025-04,2026-03,12,534.5901,5.204,1252921,2547083,,,,,own_reg;own_prod,67.0922,100.7727,413.3422,-22.68,
Lumax Industries Limited,LUMAXIND,ev_component,yes,Q4 FY23,2023-03-31,2022-04,2023-03,12,90.5662,,,1222589,,,,,production;own_reg;own_prod,79.9152,132.1736,,,
Lumax Industries Limited,LUMAXIND,ev_component,yes,Q4 FY24,2024-03-31,2023-04,2024-03,12,262.0036,189.2951,494210,1741465,,,,,own_reg;own_prod,92.8482,148.7219,447.1082,70.65,
Lumax Industries Limited,LUMAXIND,ev_component,yes,Q4 FY25,2025-03-31,2024-04,2025-03,12,324.4484,23.8336,827205,2039293,,,,,own_reg;own_prod,113.2879,226.6771,285.2579,-12.08,
Lumax Industries Limited,LUMAXIND,ev_component,yes,Q4 FY26,2026-03-31,2025-04,2026-03,12,289.4308,-10.793,1252921,2547083,,,,,own_reg;own_prod,151.6651,419.3346,372.0751,28.55,
Mahindra & Mahindra Limited,M&M,oem_ev_led,yes,Q4 FY23,2023-03-31,2022-04,2023-03,12,6304.57,,,1222589,,,,,production;own_reg;own_prod,4356.81,-4299.15,,,
Mahindra & Mahindra Limited,M&M,oem_ev_led,yes,Q4 FY24,2024-03-31,2023-04,2024-03,12,9945.99,57.7584,494210,1741465,68625,,21657,,complete,4723.78,-1633.85,9783.93,-1.63,
Mahindra & Mahindra Limited,M&M,oem_ev_led,yes,Q4 FY25,2025-03-31,2024-04,2025-03,12,10391.95,4.4838,827205,2039293,79729,16.1807,19920,-8.0205,complete,6073.65,7936.5,12838.94,23.55,
Mahindra & Mahindra Limited,M&M,oem_ev_led,yes,Q4 FY26,2026-03-31,2025-04,2026-03,12,9605.45,-7.5684,1252921,2547083,152659,91.4724,54582,174.006,complete,7322.02,17922.78,10586.97,10.22,
Maruti Suzuki India Limited,MARUTI,oem_ice_led,yes,Q4 FY23,2023-03-31,2022-04,2023-03,12,6116.6,,,1222589,,,,,production;own_reg;own_prod,2825.7,11484.2,,,
Maruti Suzuki India Limited,MARUTI,oem_ice_led,yes,Q4 FY24,2024-03-31,2023-04,2024-03,12,8916.2,45.7705,494210,1741465,,,,,own_reg;own_prod,5255.8,20398.2,8771.0,-1.63,
Maruti Suzuki India Limited,MARUTI,oem_ice_led,yes,Q4 FY25,2025-03-31,2024-04,2025-03,12,10250.3,14.9627,827205,2039293,,,,,own_reg;own_prod,5608.2,19943.0,10920.3,6.54,
Maruti Suzuki India Limited,MARUTI,oem_ice_led,yes,Q4 FY26,2026-03-31,2025-04,2026-03,12,10122.7,-1.2448,1252921,2547083,,,,,own_reg;own_prod,6741.7,23437.1,10191.6,0.68,
Minda Corporation Limited,MINDACORP,ev_component,yes,Q4 FY23,2023-03-31,2022-04,2023-03,12,250.7,,,1222589,,,,,production;own_reg;own_prod,138.1,422.1,,,
Minda Corporation Limited,MINDACORP,ev_component,yes,Q4 FY24,2024-03-31,2023-04,2024-03,12,252.0,0.5185,494210,1741465,,,,,own_reg;own_prod,165.8,389.0,324.8,28.89,
Minda Corporation Limited,MINDACORP,ev_component,yes,Q4 FY25,2025-03-31,2024-04,2025-03,12,350.1,38.9286,827205,2039293,,,,,own_reg;own_prod,204.3,638.5,526.98,50.52,
Minda Corporation Limited,MINDACORP,ev_component,yes,Q4 FY26,2026-03-31,2025-04,2026-03,12,394.2,12.5964,1252921,2547083,,,,,own_reg;own_prod,229.5,795.6,396.07,0.47,
Neogen Chemicals Limited,NEOGEN,upstream_material,no,Q4 FY23,2023-03-31,2022-04,2023-03,12,102.49,,,1222589,,,,,production;own_reg;own_prod,16.2,-18.83,,,
Neogen Chemicals Limited,NEOGEN,upstream_material,no,Q4 FY24,2024-03-31,2023-04,2024-03,12,302.76,195.4044,494210,1741465,,,,,own_reg;own_prod,22.87,-19.4,,,
Neogen Chemicals Limited,NEOGEN,upstream_material,no,Q4 FY25,2025-03-31,2024-04,2025-03,12,317.67,4.9247,827205,2039293,,,,,own_reg;own_prod,27.79,208.28,,,
Neogen Chemicals Limited,NEOGEN,upstream_material,no,Q4 FY26,2026-03-31,2025-04,2026-03,12,555.71,74.9331,1252921,2547083,,,,,own_reg;own_prod,27.52,-211.81,,,
Ola Electric Mobility Limited,OLAELEC,oem_ev_pure,yes,Q4 FY23,2023-03-31,2022-04,2023-03,12,836.634,,,1222589,,,,,production;own_reg;own_prod,167.064,-1510.895,,,
Ola Electric Mobility Limited,OLAELEC,oem_ev_pure,yes,Q4 FY24,2024-03-31,2023-04,2024-03,12,1199.689,43.3947,494210,1741465,344216,,,,own_prod,357.642,-624.927,,,
Ola Electric Mobility Limited,OLAELEC,oem_ev_pure,yes,Q4 FY25,2025-03-31,2024-04,2025-03,12,975.0,-18.7289,827205,2039293,360022,4.5919,,,own_prod,566.0,-2381.0,1218.0,24.92,
Ola Electric Mobility Limited,OLAELEC,oem_ev_pure,yes,Q4 FY26,2026-03-31,2025-04,2026-03,12,717.0,-26.4615,1252921,2547083,168517,-53.1926,,,own_prod,684.0,-775.0,676.0,-5.72,
Olectra Greentech Limited,OLECTRA,oem_ev_pure,yes,Q4 FY23,2023-03-31,2022-04,2023-03,12,64.5071,,,1222589,,,,,production;own_reg;own_prod,33.1135,8.084,,,
Olectra Greentech Limited,OLECTRA,oem_ev_pure,yes,Q4 FY24,2024-03-31,2023-04,2024-03,12,79.036,22.5229,494210,1741465,,,,,own_reg;own_prod,36.6766,170.6313,79.0266,-0.01,
Olectra Greentech Limited,OLECTRA,oem_ev_pure,yes,Q4 FY25,2025-03-31,2024-04,2025-03,12,176.9793,123.9224,827205,2039293,,,,,own_reg;own_prod,37.2817,155.7408,176.9917,0.01,
Olectra Greentech Limited,OLECTRA,oem_ev_pure,yes,Q4 FY26,2026-03-31,2025-04,2026-03,12,159.1014,-10.1017,1252921,2547083,,,,,own_reg;own_prod,44.7909,151.1884,159.0909,-0.01,
Ppap Automotive Limited,PPAP,ev_component,yes,Q4 FY23,2023-03-31,2022-04,2023-03,12,19.9005,,,1222589,,,,,production;own_reg;own_prod,31.1219,32.353,,,
Ppap Automotive Limited,PPAP,ev_component,yes,Q4 FY24,2024-03-31,2023-04,2024-03,12,21.6728,8.9058,494210,1741465,,,,,own_reg;own_prod,34.1454,42.4144,34.5354,59.35,
Ppap Automotive Limited,PPAP,ev_component,yes,Q4 FY25,2025-03-31,2024-04,2025-03,12,9.3447,-56.8828,827205,2039293,,,,,own_reg;own_prod,34.448,53.8697,47.298,406.15,acquired
Ppap Automotive Limited,PPAP,ev_component,yes,Q4 FY26,2026-03-31,2025-04,2026-03,12,2.8945,-69.0252,1252921,2547083,,,,,own_reg;own_prod,35.5073,43.1347,56.9673,1868.12,acquired
Precision Camshafts Limited,PRECAM,ev_component,yes,Q4 FY23,2023-03-31,2022-04,2023-03,12,62.0197,,,1222589,,,,,production;own_reg;own_prod,75.2303,129.0632,,,
Precision Camshafts Limited,PRECAM,ev_component,yes,Q4 FY24,2024-03-31,2023-04,2024-03,12,65.4775,5.5753,494210,1741465,,,,,own_reg;own_prod,81.5772,151.0908,41.4372,-36.72,
Precision Camshafts Limited,PRECAM,ev_component,yes,Q4 FY25,2025-03-31,2024-04,2025-03,12,54.0447,-17.4607,827205,2039293,,,,,own_reg;own_prod,57.353,163.7773,49.593,-8.24,
Precision Camshafts Limited,PRECAM,ev_component,yes,Q4 FY26,2026-03-31,2025-04,2026-03,12,78.0161,44.3548,1252921,2547083,,,,,own_reg;own_prod,45.4526,146.6268,72.7526,-6.75,
Reliance Industries Limited,RELIANCE,upstream_material,no,Q4 FY23,2023-03-31,2022-04,2023-03,12,140988.0,,,1222589,,,,,production;own_reg;own_prod,40319.0,121329.0,,,
Reliance Industries Limited,RELIANCE,upstream_material,no,Q4 FY24,2024-03-31,2023-04,2024-03,12,152883.0,8.4369,494210,1741465,,,,,own_reg;own_prod,50832.0,170749.0,,,
Reliance Industries Limited,RELIANCE,upstream_material,no,Q4 FY25,2025-03-31,2024-04,2025-03,12,139967.0,-8.4483,827205,2039293,,,,,own_reg;own_prod,53136.0,190628.0,,,
Reliance Industries Limited,RELIANCE,upstream_material,no,Q4 FY26,2026-03-31,2025-04,2026-03,12,245832.0,75.6357,1252921,2547083,,,,,own_reg;own_prod,115376.0,403442.0,,,
Samvardhana Motherson International Limited,MOTHERSON,ev_component,yes,Q4 FY23,2023-03-31,2022-04,2023-03,12,2221.1,,,1222589,,,,,production;own_reg;own_prod,3135.8,5496.5,,,
Samvardhana Motherson International Limited,MOTHERSON,ev_component,yes,Q4 FY24,2024-03-31,2023-04,2024-03,12,4125.4,85.7368,494210,1741465,,,,,own_reg;own_prod,3810.5,9004.3,11804.94,186.15,acquired
Samvardhana Motherson International Limited,MOTHERSON,ev_component,yes,Q4 FY25,2025-03-31,2024-04,2025-03,12,4561.0,10.559,827205,2039293,,,,,own_reg;own_prod,4493.4,8106.0,7700.65,68.84,
Samvardhana Motherson International Limited,MOTHERSON,ev_component,yes,Q4 FY26,2026-03-31,2025-04,2026-03,12,6053.6,32.7253,1252921,2547083,,,,,own_reg;own_prod,5133.8,12974.7,11898.96,96.56,
Sansera Engineering Limited,SANSERA,ev_component,yes,Q4 FY23,2023-03-31,2022-04,2023-03,12,242.023,,,1222589,,,,,production;own_reg;own_prod,130.08,312.0,,,
Sansera Engineering Limited,SANSERA,ev_component,yes,Q4 FY24,2024-03-31,2023-04,2024-03,12,336.934,39.2157,494210,1741465,,,,,own_reg;own_prod,149.48,439.75,347.69,3.19,
Sansera Engineering Limited,SANSERA,ev_component,yes,Q4 FY25,2025-03-31,2024-04,2025-03,12,590.564,75.2759,827205,2039293,,,,,own_reg;own_prod,173.808,441.604,638.468,8.11,
Sansera Engineering Limited,SANSERA,ev_component,yes,Q4 FY26,2026-03-31,2025-04,2026-03,12,508.521,-13.8923,1252921,2547083,,,,,own_reg;own_prod,205.857,484.424,554.977,9.14,
Shakti Pumps (India) Limited,SHAKTIPUMP,out_of_scope,no,Q4 FY23,2023-03-31,2022-04,2023-03,12,23.4403,,,1222589,,,,,production;own_reg;own_prod,18.4022,58.9591,,,
Shakti Pumps (India) Limited,SHAKTIPUMP,out_of_scope,no,Q4 FY24,2024-03-31,2023-04,2024-03,12,58.76,150.6794,494210,1741465,,,,,own_reg;own_prod,19.03,85.68,,,
Shakti Pumps (India) Limited,SHAKTIPUMP,out_of_scope,no,Q4 FY25,2025-03-31,2024-04,2025-03,12,107.78,83.4241,827205,2039293,,,,,own_reg;own_prod,19.99,155.99,,,
Shakti Pumps (India) Limited,SHAKTIPUMP,out_of_scope,no,Q4 FY26,2026-03-31,2025-04,2026-03,12,163.08,51.3082,1252921,2547083,,,,,own_reg;own_prod,28.32,266.91,,,
Sona Blw Precision Forgings Limited,SONACOMS,ev_component,yes,Q4 FY23,2023-03-31,2022-04,2023-03,12,335.241,,,1222589,,,,,production;own_reg;own_prod,178.004,643.536,,,
Sona Blw Precision Forgings Limited,SONACOMS,ev_component,yes,Q4 FY24,2024-03-31,2023-04,2024-03,12,319.531,-4.6862,494210,1741465,,,,,own_reg;own_prod,220.225,848.017,855.665,167.79,acquired
Sona Blw Precision Forgings Limited,SONACOMS,ev_component,yes,Q4 FY25,2025-03-31,2024-04,2025-03,12,417.132,30.5451,827205,2039293,,,,,own_reg;own_prod,254.396,949.161,486.906,16.73,
Sona Blw Precision Forgings Limited,SONACOMS,ev_component,yes,Q4 FY26,2026-03-31,2025-04,2026-03,12,491.838,17.9094,1252921,2547083,,,,,own_reg;own_prod,287.737,846.548,1814.147,268.85,acquired
Sterling Tools Limited,STERTOOLS,ev_component,yes,Q4 FY23,2023-03-31,2022-04,2023-03,12,33.2058,,,1222589,,,,,production;own_reg;own_prod,31.7159,78.6131,,,
Sterling Tools Limited,STERTOOLS,ev_component,yes,Q4 FY24,2024-03-31,2023-04,2024-03,12,29.1757,-12.1367,494210,1741465,,,,,own_reg;own_prod,33.051,121.991,31.171,6.84,
Sterling Tools Limited,STERTOOLS,ev_component,yes,Q4 FY25,2025-03-31,2024-04,2025-03,12,75.762,159.675,827205,2039293,,,,,own_reg;own_prod,34.8179,143.8856,82.4479,8.82,
Sterling Tools Limited,STERTOOLS,ev_component,yes,Q4 FY26,2026-03-31,2025-04,2026-03,12,54.6299,-27.8927,1252921,2547083,,,,,own_reg;own_prod,39.8887,75.621,56.2787,3.02,
Subros Limited,SUBROS,ev_component,yes,Q4 FY23,2023-03-31,2022-04,2023-03,12,110.4019,,,1222589,,,,,production;own_reg;own_prod,110.2807,150.9202,,,
Subros Limited,SUBROS,ev_component,yes,Q4 FY24,2024-03-31,2023-04,2024-03,12,119.7185,8.4388,494210,1741465,,,,,own_reg;own_prod,116.5071,191.7509,132.6871,10.83,
Subros Limited,SUBROS,ev_component,yes,Q4 FY25,2025-03-31,2024-04,2025-03,12,117.9271,-1.4963,827205,2039293,,,,,own_reg;own_prod,128.1677,231.3685,100.3077,-14.94,
Subros Limited,SUBROS,ev_component,yes,Q4 FY26,2026-03-31,2025-04,2026-03,12,149.5706,26.8331,1252921,2547083,,,,,own_reg;own_prod,124.9286,178.3877,136.0986,-9.01,
Syrma Sgs Technology Limited,SYRMA,ev_component,yes,Q4 FY23,2023-03-31,2022-04,2023-03,12,118.396,,,1222589,,,,,production;own_reg;own_prod,31.199,-30.546,,,
Syrma Sgs Technology Limited,SYRMA,ev_component,yes,Q4 FY24,2024-03-31,2023-04,2024-03,12,337.675,185.2081,494210,1741465,,,,,own_reg;own_prod,51.485,-59.657,586.025,73.55,
Syrma Sgs Technology Limited,SYRMA,ev_component,yes,Q4 FY25,2025-03-31,2024-04,2025-03,12,236.539,-29.9507,827205,2039293,,,,,own_reg;own_prod,75.069,237.118,192.699,-18.53,
Syrma Sgs Technology Limited,SYRMA,ev_component,yes,Q4 FY26,2026-03-31,2025-04,2026-03,12,183.51,-22.4187,1252921,2547083,,,,,own_reg;own_prod,84.109,378.771,404.349,120.34,acquired
Tata Motors Limited,TMCV,oem_ev_led,yes,Q4 FY25,2025-03-31,2024-04,2025-03,12,830.0,,827205,2039293,65788,,,,own_prod,1690.0,8567.0,,,
Tata Motors Limited,TMCV,oem_ev_led,yes,Q4 FY26,2026-03-31,2025-04,2026-03,12,1321.0,59.1566,1252921,2547083,92156,40.0803,,,own_prod,1945.0,15923.0,2394.0,81.23,
Tata Power Company Limited,TATAPOWER,upstream_material,no,Q4 FY23,2023-03-31,2022-04,2023-03,12,7656.01,,,1222589,,,,,production;own_reg;own_prod,3439.2,8036.29,,,
Tata Power Company Limited,TATAPOWER,upstream_material,no,Q4 FY24,2024-03-31,2023-04,2024-03,12,13241.03,72.9495,494210,1741465,,,,,own_reg;own_prod,3786.37,13093.84,,,
Tata Power Company Limited,TATAPOWER,upstream_material,no,Q4 FY25,2025-03-31,2024-04,2025-03,12,17272.84,30.4494,827205,2039293,,,,,own_reg;own_prod,4116.86,13267.09,,,
Tata Power Company Limited,TATAPOWER,upstream_material,no,Q4 FY26,2026-03-31,2025-04,2026-03,12,0.0,-100.0,1252921,2547083,,,,,own_reg;own_prod,4811.09,7157.39,,,
Tube Investments Of India Limited,TIINDIA,ev_component,yes,Q4 FY23,2023-03-31,2022-04,2023-03,12,416.01,,,1222589,,,,,production;own_reg;own_prod,395.93,1619.89,,,
Tube Investments Of India Limited,TIINDIA,ev_component,yes,Q4 FY24,2024-03-31,2023-04,2024-03,12,851.39,104.6561,494210,1741465,,,,,own_reg;own_prod,465.49,959.11,1460.45,71.54,
Tube Investments Of India Limited,TIINDIA,ev_component,yes,Q4 FY25,2025-03-31,2024-04,2025-03,12,1212.95,42.467,827205,2039293,,,,,own_reg;own_prod,492.22,1680.65,1697.45,39.94,
Tube Investments Of India Limited,TIINDIA,ev_component,yes,Q4 FY26,2026-03-31,2025-04,2026-03,12,1433.01,18.1425,1252921,2547083,,,,,own_reg;own_prod,664.28,1935.54,1812.18,26.46,
Tvs Motor Company Limited,TVSMOTOR,oem_ev_led,yes,Q4 FY23,2023-03-31,2022-04,2023-03,12,1340.77,,,1222589,,,,,production;own_reg;own_prod,858.86,-3796.94,,,
Tvs Motor Company Limited,TVSMOTOR,oem_ev_led,yes,Q4 FY24,2024-03-31,2023-04,2024-03,12,1145.17,-14.5886,494210,1741465,197480,,190353,,complete,975.12,-293.25,1407.41,22.9,
Tvs Motor Company Limited,TVSMOTOR,oem_ev_led,yes,Q4 FY25,2025-03-31,2024-04,2025-03,12,2478.06,116.3923,827205,2039293,254701,28.9756,283444,48.9044,complete,1045.56,4649.57,3231.69,30.41,
Tvs Motor Company Limited,TVSMOTOR,oem_ev_led,yes,Q4 FY26,2026-03-31,2025-04,2026-03,12,3235.08,30.5489,1252921,2547083,387045,51.9605,402117,41.8682,complete,1272.64,3492.1,3335.87,3.12,
Uno Minda Limited,UNOMINDA,ev_component,yes,Q4 FY23,2023-03-31,2022-04,2023-03,12,970.09,,,1222589,,,,,production;own_reg;own_prod,429.93,1009.15,,,
Uno Minda Limited,UNOMINDA,ev_component,yes,Q4 FY24,2024-03-31,2023-04,2024-03,12,1049.34,8.1693,494210,1741465,,,,,own_reg;own_prod,526.22,1254.57,1063.71,1.37,
Uno Minda Limited,UNOMINDA,ev_component,yes,Q4 FY25,2025-03-31,2024-04,2025-03,12,1655.71,57.7858,827205,2039293,,,,,own_reg;own_prod,614.93,1406.37,1948.01,17.65,
Uno Minda Limited,UNOMINDA,ev_component,yes,Q4 FY26,2026-03-31,2025-04,2026-03,12,1572.36,-5.0341,1252921,2547083,,,,,own_reg;own_prod,703.56,2078.83,1628.27,3.56,
Varroc Engineering Limited,VARROC,ev_component,yes,Q4 FY23,2023-03-31,2022-04,2023-03,12,530.582,,,1222589,,,,,production;own_reg;own_prod,336.741,778.241,,,
Varroc Engineering Limited,VARROC,ev_component,yes,Q4 FY24,2024-03-31,2023-04,2024-03,12,257.434,-51.4808,494210,1741465,,,,,own_reg;own_prod,336.818,694.186,257.448,0.01,
Varroc Engineering Limited,VARROC,ev_component,yes,Q4 FY25,2025-03-31,2024-04,2025-03,12,278.799,8.2992,827205,2039293,,,,,own_reg;own_prod,323.321,727.588,335.981,20.51,
Varroc Engineering Limited,VARROC,ev_component,yes,Q4 FY26,2026-03-31,2025-04,2026-03,12,397.492,42.573,1252921,2547083,,,,,own_reg;own_prod,331.711,562.53,595.501,49.81,
Vedanta Limited,VEDL,upstream_material,no,Q4 FY23,2023-03-31,2022-04,2023-03,12,13787.0,,,1222589,,,,,production;own_reg;own_prod,10597.0,39422.0,,,
Vedanta Limited,VEDL,upstream_material,no,Q4 FY24,2024-03-31,2023-04,2024-03,12,16752.0,21.5058,494210,1741465,,,,,own_reg;own_prod,10744.0,38339.0,,,
Vedanta Limited,VEDL,upstream_material,no,Q4 FY25,2025-03-31,2024-04,2025-03,12,17005.0,1.5103,827205,2039293,,,,,own_reg;own_prod,11139.0,42645.0,,,
Vedanta Limited,VEDL,upstream_material,no,Q4 FY26,2026-03-31,2025-04,2026-03,12,20876.0,22.7639,1252921,2547083,,,,,own_reg;own_prod,9807.0,47635.0,,,
Zf Commercial Vehicle Control System India Limited,ZFCVINDIA,ev_component,yes,Q4 FY23,2023-03-31,2022-04,2023-03,12,127.8164,,,1222589,,,,,production;own_reg;own_prod,104.7768,409.6364,,,
Zf Commercial Vehicle Control System India Limited,ZFCVINDIA,ev_component,yes,Q4 FY24,2024-03-31,2023-04,2024-03,12,195.2418,52.7518,494210,1741465,,,,,own_reg;own_prod,109.7988,371.2905,202.8188,3.88,
Zf Commercial Vehicle Control System India Limited,ZFCVINDIA,ev_component,yes,Q4 FY25,2025-03-31,2024-04,2025-03,12,166.3515,-14.7972,827205,2039293,,,,,own_reg;own_prod,124.2523,421.5439,172.3723,3.62,
Zf Commercial Vehicle Control System India Limited,ZFCVINDIA,ev_component,yes,Q4 FY26,2026-03-31,2025-04,2026-03,12,145.9338,-12.2738,1252921,2547083,,,,,own_reg;own_prod,131.7978,949.3731,119.2678,-18.27,
