announcement_date,date_precision,company,event_type,facility,state,capex_inr_cr,capacity,source_url,evidence
2023-12-12,exact,Hindalco Industries,new_plant_announced,"Battery foil plant, near Sambalpur",Odisha,800,"25,000 tonnes/yr",https://nsearchives.nseindia.com/corporate/HINDALCO_12122023103441_MediaRelease_BatteryFoilProject_121223_signed.pdf,"Rs.800 crore investment in new battery foil plant near Sambalpur, Odisha; 25,000-ton plant to be commissioned by July 2025"
2025-01-08,exact,Mahindra & Mahindra,new_plant_commissioned,Chakan EV manufacturing & battery assembly,Maharashtra,4500,,https://nsearchives.nseindia.com/corporate/ferozebaria_08012025102913_SEIntimationStateoftheartEVManufacturingandBatteryAssemblyFacility.pdf,"Unveiled dedicated EV manufacturing and battery assembly facility at Chakan; Rs 4,500 crore allocated of Rs 16,000 crore F22-F27 cycle"
2025-10,month,Endurance Technologies,new_plant_commissioned,"Alloy wheel plant, AURIC Bidkin",Maharashtra,,3.6m units/yr,https://www.bseindia.com/stockinfo/AnnPdfOpen.aspx?Pname=b418f38c-ceb3-4128-a5fb-37438c9340a8.pdf,"Alloy wheel plant at AURIC Bidkin commenced production October 2025, entire 3.6 million unit capacity already booked"
2026-03-16,exact,Exicom Tele Systems,new_plant_commissioned,"Integrated manufacturing facility, Hyderabad",Telangana,216,2.5x phase-1 capacity,https://nsearchives.nseindia.com/corporate/EXICOM_16032026093048_intimation_for_press_release-_finalsigned.pdf,"Inaugurated Hyderabad facility built with INR 216 cr investment, 18.4 acres, 2.5X capacity in phase I, 750 jobs"
2026-05,month,Maruti Suzuki India,capacity_expansion,Kharkhoda second line,Haryana,,"250,000 units/yr",https://www.bseindia.com/stockinfo/AnnPdfOpen.aspx?Pname=09d38ee6-9c30-4892-b483-8d7c34697a7a.pdf,"250,000 unit second line at Kharkhoda operationalised in May 2026"
2026-06,month,Endurance Technologies,new_plant_commissioned,"Li-ion battery pack plant, near Pune",Maharashtra,,,https://www.bseindia.com/stockinfo/AnnPdfOpen.aspx?Pname=b418f38c-ceb3-4128-a5fb-37438c9340a8.pdf,Commenced commercial production June 2026 at dedicated lithium-ion battery pack facility near Pune; confirmed order from leading 2W EV OEM
2026-07-02,exact,Maruti Suzuki India,new_plant_commissioned,Kharkhoda vehicle manufacturing facility,Haryana,35000,0.5m units/yr scaling to 1m,https://nsearchives.nseindia.com/corporate/MARUTIASHISH_02072026174311_StxIntimation_Kharkhoda_2July2026.pdf,"Kharkhoda facility inaugurated; 800 acres with integrated supplier park; 0.5m units scaling to 1m with total investment INR 35,000 crore"
2026-07-30,exact,Maruti Suzuki India,capacity_expansion,Hansalpur Plant D,Gujarat,25289,"250,000 units/yr (site to 1m)",https://www.bseindia.com/stockinfo/AnnPdfOpen.aspx?Pname=9773c98f-402c-4631-91bd-0e7bca4670ac.pdf,"Commenced commercial production at fourth plant, Hansalpur; site capacity 750,000 to 1 million units; cumulative site investment INR 25,288.7 crore"
2026-08-06,exact,Varroc Engineering,capex_guidance,e-mobility capacity expansion (India + overseas),,,,https://www.bseindia.com/stockinfo/AnnPdfOpen.aspx?Pname=edfbd039-e185-40b4-a85e-41f939e70f25.pdf,"Capex guidance INR 500-550 crore for the year, large portion e-mobility capacity expansion; capex front-loaded"
2026-09-14,exact,Uno Minda,board_approval,"New greenfield casting plant, Hosur",Tamil Nadu,510,,https://nsearchives.nseindia.com/corporate/MINDAIND1_14092026211010_Outcome_Board_Meeting_14092026.pdf,Board approved DPR for new greenfield facility at Hosur; EV/powertrain among product range; estimated incremental capex INR 510 crores
2026-09-14,exact,Uno Minda,board_approval,"Uno Minda Kyoraku plant, Bengaluru",Karnataka,,,https://nsearchives.nseindia.com/corporate/MINDAIND1_14092026211010_Outcome_Board_Meeting_14092026.pdf,Board approved DPR for capacity expansion at Bengaluru plant of subsidiary Uno Minda Kyoraku Limited
FY2025,fiscal_period,Ola Electric Mobility,capacity_expansion,Ola Gigafactory,Tamil Nadu,,"1.4 GWh built, buildout to 5 GWh",https://www.bseindia.com/xml-data/corpfiling/AttachHis/7668374f-1f11-44db-bc4c-59b413ae4ddb.pdf,"Capital expenditure for capacity buildout to 5 GWh at the Ola Gigafactory; 1.4 GWh built out, 1.4 to 5 GWh under construction"
FY2026,fiscal_period,Gravita India,new_plant_commissioned,"Li-ion recycling plant, Mundra",Gujarat,,"6,000 MTPA",https://nsearchives.nseindia.com/corporate/GRAVITA_02092026155846_NoticeofAGMwithannuareportFinal02092026.pdf,"India's first dedicated commercial-scale Li-Ion recycling facility of 6,000 MTPA at Mundra commissioned in FY 2025-26"
FY2026,fiscal_period,Amara Raja Energy & Mobility,capacity_expansion,"Battery recycling facility, Cheyyar",Tamil Nadu,,,https://www.bseindia.com/stockinfo/AnnPdfOpen.aspx?Pname=e3e85cf0-eeae-4fc2-85b1-4dcd45d4d8e1.pdf,ARCS establishing battery recycling facility at Cheyyar; Battery Breaker operations commenced; Phase II refinery expansion commissioning targeted by 2027
FY2026,fiscal_period,Olectra Greentech,new_plant_commissioned,"Greenfield EV plant, Seetharampur",Telangana,,Phase-1 operational,https://www.bseindia.com/stockinfo/AnnPdfOpen.aspx?Pname=03d68045-65ae-41c6-941c-fd567aed1767.pdf,Construction of greenfield EV manufacturing facility on 150 acres at Seetharampur; Phase-1 complete and operations commenced
FY2026,fiscal_period,Tube Investments of India,capacity_expansion,Jayem battery assembly line,,,,https://www.bseindia.com/stockinfo/AnnPdfOpen.aspx?Pname=7416667b-628a-4604-8a23-d5a905a1cc7e.pdf,Jayem diversified into battery manufacturing; battery assembly line set up this financial year
FY2027,fiscal_period,Exide Industries,new_plant_announced,"EESL greenfield Li-ion cell plant, Bengaluru",Karnataka,,6 GWh scalable to 12 GWh,https://www.bseindia.com/stockinfo/AnnPdfOpen.aspx?Pname=deb2d8a9-6791-4880-8adf-b1a89f264d21.pdf,Greenfield lithium-ion cell facility in Bengaluru; initial planned capacity 6 GWh scalable to 12 GWh; operationalisation during FY27
FY2027,fiscal_period,Tata Motors Passenger Vehicles,new_plant_commissioned,Panapakkam plant,Tamil Nadu,9000,"250,000 vehicles/yr at full scale",https://www.bseindia.com/stockinfo/AnnPdfOpen.aspx?Pname=ae18486e-7e2d-4f3a-9ad6-c8213fc15930.pdf,"Operations underway at Panapakkam; intends to invest ~Rs 9,000 crore; full designed capacity 250,000 vehicles over 5-7 years"
FY2027,fiscal_period,Reliance Industries,capacity_expansion,"Dhirubhai Ambani Green Energy Giga Complex, Jamnagar",Gujarat,,"40 GWh this year, announced scale-up to 120 GWh",https://www.bseindia.com/stockinfo/AnnPdfOpen.aspx?Pname=c9d3d96a-8b04-4b41-b454-3f98d1f90702.pdf,Battery manufacturing will achieve 40 GWh capacity this year; scale-up announced at AGM up to 120 GWh
FY2027,fiscal_period,Himadri Speciality Chemical,new_plant_announced,LFP cathode / anode materials facility,,,"40,000 TPA LFP cathode (Phase 1)",https://nsearchives.nseindia.com/corporate/HSCL_15052026154505_NoticeAGMandAnnualReport2026.pdf,"Phase 1 capacity of 40,000 TPA for LFP cathode material; commercial facility for anode already commenced; LFP cathode facility work in progress"
FY2027,fiscal_period,Mahindra & Mahindra,investment_commitment,EV manufacturing and development (group-level),,10000,,https://nsearchives.nseindia.com/corporate/NishaMandhana_07082026150143_SEIntimationSustainabilityReport2026.pdf,"Announced investment commitment of approximately Rs 100,000 Million over 7-8 years towards electric vehicle manufacturing and development"
